book,dreamer,interpreter,type,interpretation,accuracy,legitemizing power,text,repeat,mutiple dreamer,notes
guoyu,mother,,sign,pregnancy,1,1,且吾聞成公之生也，其母夢神規其臀以墨，曰：「使有晉國〔四〕，三而畀驩之孫〔五〕。」故名之曰「黑臀」，於今再矣,,,
guoyu,king,,straight,war,1,,吾聞之大誓，故曰：「朕夢協朕卜，襲于休祥，戎商必克,yes,,
guoyu,king,,person,politics,0,,驪姬以君命命申生曰：「今夕君夢齊姜，必速祠而歸福〔一〕。」申生許諾，乃祭于曲沃，歸福于絳〔二〕。公田，驪姬受福，乃寘鴆于酒〔三〕，寘堇于肉〔四〕,,,
guoyu,king,,itpre,disaster,1,,虢公夢在廟〔一〕，有神人面白毛虎爪，執鉞立於西阿〔二〕，公懼而走。神曰：「無走！帝命曰：「使晉襲於爾門〔三〕。」」公拜稽首，覺，召史嚚占之〔四〕，對曰：「如君之言，則蓐收也，〔五〕天之刑神也〔六〕，天事官成〔七〕。」公使囚之，且使國人賀夢,,,
guoyu,king,,straight,person find,1,,如是而又使以象夢〔九〕旁求四方之賢〔一０〕，得傅說以來，升以為公,yes,,
zuozhuan,king,,person,politics,0,,生奚齐，其娣生卓子。及将立奚齐，既与中大夫成谋，姬谓大子曰：「君梦齐姜，必速祭之。」大子祭于曲沃，归胙于公。公田，姬置诸宫六日。公至，毒而献之。,yes,,
zuozhuan,king,adm,sign,war,1,,晋侯梦与楚子搏，楚子伏己而监其脑，是以惧。子犯曰：「吉。我得天，楚伏其罪，吾且柔之矣。」,,,
zuozhuan,adm,adm,itpre,war,1,,初，楚子玉自为琼弁玉缨，未之服也。先战，梦河神谓己曰：「畀余，余赐女孟诸之麋。」弗致也。大心与子西使荣黄谏，弗听。荣季曰：「死而利国。犹或为之，况琼玉乎？是粪土也，而可以济师，将何爱焉？」弗听。出，告二子曰：「非神败令尹，令尹其不勤民，实自败也。」既败，,,,
zuozhuan,king,adm,itpre,politics,0,,卫成公梦康叔曰：「相夺予享。」公命祀相。宁武子不可，曰：「鬼神非其族类，不歆其祀。杞、鄫何事？相之不享于此。久矣，非卫之罪也，不可以间成王、周公之命祀。请改祀命。」,,,
zuozhuan,concubine,king,itpre,pregnancy,1,1,初，郑文公有贱妾曰燕姞，梦天使与己兰，曰：「余为伯鯈。余，而祖也，以是为而子。以兰有国香，人服媚之如是。」既而文公见之，与之兰而御之。,,,
zuozhuan,adm,,itpost,miscellaneous,0,,颗见老人结草以亢杜回，杜回踬而颠，故获之。夜梦之曰：「余，而所嫁妇人之父也。尔用先人之治命，余是以报。」 ,,,
zuozhuan,adm,,itpre,war,1,,韩厥梦子舆谓己曰：「且辟左右。」故中御而从齐侯。邴夏曰：「射其御者，君子也。」公曰：「谓之君子而射之，非礼也。」,,,
zuozhuan,adm,,itpre,auspiciousness,-1,,婴梦天使谓己：「祭余，余福女。」使问诸士贞伯，贞伯曰：「不识也。」既而告其人曰：「神福仁而祸淫，淫而无罚，福也。祭，其得亡乎？」祭之，之明日而亡。,,,
zuozhuan,king,pro,sign,disaster,1,,晋侯梦大厉，被发及地，搏膺而踊，曰：「杀余孙，不义。余得请于帝矣！」,,,
zuozhuan,king,adm,sign,miscellaneous,1,,未至，公梦疾为二竖子，曰：「彼，良医也。惧伤我，焉逃之？」其一曰：「居肓之上，膏之下，若我何？」医至，曰：「疾不可为也。在肓之上，膏之下，攻之不可，达之不及，药不至焉，不可为也。」公曰：「良医也。」,,,
zuozhuan,adm,,sign,miscellaneous,1,,小臣有晨梦负公以登天，及日中，负晋侯出诸厕，遂以为殉,,,
zuozhuan,adm,unknown,sign,disaster,1,,吕錡梦射月，中之，退入于泥。占之，曰：「姬姓，日也。异姓，月也，必楚王也。射而中之，退入于泥，亦必死矣。」及战，射共王，中目。王召养由基，与之两矢，使射吕錡，中项，伏弢。以一矢覆命。,,,
zuozhuan,adm,adm,sign,death,1,,初，声伯梦涉洹，或与己琼瑰，食之，泣而为琼瑰，盈其怀,,,
zuozhuan,adm,adm,sign,death,1,,秋，齐侯伐我北鄙。中行献子将伐齐，梦与厉公讼，弗胜，公以戈击之，首队于前，跪而戴之，奉之以走，见梗阳之巫皋。他日，见诸道，与之言，同。巫曰：「今兹主必死，若有事于东方，则可以逞。」献子许诺。,,,
zuozhuan,mother,,itpre,pregnancy,1,1,梦帝谓己：『余命而子曰虞，将与之唐，属诸参，其蕃育其子孙。』及生，有文在其手曰：『虞』，遂以命之。,,,
zuozhuan,adm,,straight,person find,1,,适齐，娶于国氏，生孟丙、仲壬。梦天压己，弗胜。顾而见人，黑而上偻，深目而豭喙。号之曰,,,
zuozhuan,king,adm,sign,miscellaneous,1,,梦襄公祖。梓慎曰：「君不果行。襄公之适楚也，梦周公祖而行。今襄公实祖，君其不行。」子服惠伯曰：「行。先君未尝适楚，故周公祖以道之。襄公适楚矣，而祖以道君，不行，何之？」 ,yes,,
zuozhuan,king,adm,sign,miscellaneous,1,,曰：「寡君寝疾，于今三月矣，并走群望，有加而无瘳。今梦黄熊入于寝门，其何厉鬼也？」对曰：「以君之明，子为大政，其何厉之有？昔尧殛鲧于羽山，其神化为黄熊，以入于羽渊，实为夏郊，三代祀之。晋为盟主，其或者未之祀也乎？」,,,
zuozhuan,adm,,itpre,death,1,,或梦伯有介而行，曰：「壬子，余将杀带也。明年壬寅，余又将杀段也。」,,,
zuozhuan,adm,,itpre,politics,1,,卫襄公夫人姜氏无子，嬖人婤姶生孟絷。孔成子梦康叔谓己：「立元，余使羁之孙圉与史苟相之。」史朝亦梦康叔谓己：「余将命而子苟与孔烝锄之曾孙圉相元。」史朝见成子，告之梦,,1,
zuozhuan,commoner,,sign,miscellaneous,0,,泉丘人有女梦以其帷幕孟氏之庙，遂奔僖子，其僚从之。盟于清丘之社，曰：「有子，无相弃也。」,,,
zuozhuan,adm,,sign,war,0,,宣子梦文公携荀吴而授之陆浑，故使穆子帅师，献俘于文宫。,,,
zuozhuan,king,self interpret,sign,death,1,,宋元公将为公故如晋。梦大子栾即位于庙，己与平公服而相之。旦，召六卿。公曰：,,,
zuozhuan,adm,adm,sign,disaster,0,,赵简子梦童子羸而转以歌。旦占诸史墨，曰：「吾梦如是，今而日食，何也？」对曰：「六年及此月也，吴其入郢乎！终亦弗克。入郢，必以庚辰，日月在辰尾。庚午之日，日始有谪。火胜金，故弗克。」,,,
zuozhuan,commoner,,straight,disaster,1,,初，曹人或梦众君子立于社宫，而谋亡曹，曹叔振铎请待公孙强，许之。旦而求之曹，无之。戒其子曰：「我死，尔闻公孙强为政，必去之。」及曹伯阳即位，好田弋。曹鄙人公孙强好弋，获白雁，献之，且言田弋之说，说之。因访政事，大说之。有宠，使为司城以听政。梦者之子乃行。,yes,,
zuozhuan,king,pro,sign,disaster,0,,卫侯占梦，嬖人求酒于大叔僖子，不得，与卜人比而告公曰：「君有大臣在西南隅，弗去，惧害。」乃逐大叔遗。遗奔晋。,,,dream used for political purpose
zuozhuan,king,self interpret,sign,miscellaneous,0,,卫侯梦于北宫，见人登昆吾之观，被发北面而噪曰：「登此昆吾之虚，绵绵生之瓜。余为浑良夫，叫天无辜。」,,,
zuozhuan,king,self interpret,sign,politics,0,,司城茷使宣言于国曰：「大尹惑蛊其君而专其利，令君无疾而死，死又匿之，是无他矣，大尹之罪也。」得梦启北首而寝于卢门之外，己为鸟而集于其上，咮加于南门，尾加于桐门。曰：「余梦美，必立。」,,,
shiji,king,pro,sign,disaster,1,,始皇梦与海神战，如人状。问占梦，博士曰：“水神不可见，以大鱼蛟龙为候。今上祷祠备谨，而有此恶神，当除去，而善神可致。”乃令入海者赍捕巨鱼具，而自以连弩候大鱼出射之。自琅邪北至荣成山，【正义】：即成山也，在莱州。弗见。至之罘，见巨鱼，射杀一鱼。,,,
shiji,king,pro,sign,disaster,0,,二世梦白虎齧其左骖马，杀之，心不乐，怪问占梦。卜曰：“泾水为祟。”,,,
shiji,king's mother,,sign,pregnancy,1,1,其先刘媪尝息大泽之陂，梦与神遇。是时雷电晦冥，太公往视，则见蛟龙於其上,,,
shiji,commoner,,itpre,disaster,1,,伯阳三年，国人有梦众君子立于社宫，【集解】：贾逵曰：“社宫，社也。”郑众曰：“社宫，中有室屋者。”谋欲亡曹；曹叔振铎止之，请待公孙彊，许之。旦，求之曹，无此人。梦者戒其子曰：“我亡，尔闻公孙彊为政，必去曹，无离曹祸。,,,
shiji,king,,itpre,pregnancy,1,1,梦天谓武王曰：“余命女生子，名虞，余与之唐。”及生子，文在其手曰“虞”，故遂因命之曰虞。,yes,,
shiji,concubine,,sign,miscellaneous,0,,二十一年，骊姬谓太子曰：“君梦见齐姜，太子速祭曲沃,,,
shiji,concubine,,sign,pregnancy,1,,兰有国香。”以梦告文公，文公幸之，而予之草兰为符。遂生子，名曰兰。,,,
shiji,king,,itpre,pregnancy,1,,当武王邑姜方娠大叔，梦帝谓己：【集解】：贾逵曰：“帝，天也。己，武王也。”‘余命而子曰虞，,yes,,
shiji,adm,adm,sign,disaster,1,,初，赵盾在时，梦见叔带持要而哭，甚悲；已而笑，拊手且歌。盾卜之，兆绝而後好。赵史援占之，曰：“此梦甚恶，非君之身，乃君之子，然亦君之咎。至孙，赵将世益衰。,,,
shiji,king,,sign,miscellaneous,0,,他日，王梦见处女鼓琴而歌诗曰：“美人荧荧兮，颜若苕之荣。,,,
shiji,king,pro,sign,disaster,1,,　四年，王梦衣偏裻之衣，【正义】：杜预云：“偏，左右异色。裻在中，左右异，故曰偏。”按：裻，衣背缝也。乘飞龙上天，不至而坠，见金玉之积如山。明日，王召筮史敢占之，曰：“梦衣偏裻之衣者，残也。乘飞龙上天不至而坠者，有气而无实也。见金玉之积如山者，忧也。”,,,
shiji,concubine,king,sign,pregnancy,1,1,薄姬曰：“昨暮夜妾梦苍龙据吾腹。”高帝曰：“此贵徵也，吾为女遂成之。”一幸生男，是为代王。其後薄姬希见高祖。,,,
shiji,concubine,king's son,sign,pregnancy,1,1,男方在身时，王美人梦日入其怀。以告太子，太子曰：“此贵徵也。”未生而孝文帝崩，孝景帝即位，王夫人生男。,,,
shiji,commoner,,itpre,miscellaneous,1,,龟见梦曰：“送我水中，无杀吾也。”其家终杀之。杀之後，身死，家不利。,,,
shiji,king,,itpre,miscellaneous,1,,夜半，龟来见梦於宋元王曰：“我为江使於河，而幕网当吾路。泉阳豫且得我，我不能去。身在患中，莫可告语。王有德义，故来告诉。”元王惕然而悟。,,,
shiji,king,,straight,person find,1,,武丁夜梦得圣人，名曰说。以梦所见视群臣百吏，皆非也。於是乃使百工营求之野，得说於傅险中。,,,
shiji,king,,sign,NA (non-predictive dreams),non-predictive,,文公梦黄蛇自天下属地，其口止於鄜衍。,,,
shiji,king,,itpre,NA (non-predictive dreams),non-predictive,1,其後十四年，秦缪公立，病卧五日不寤；寤，乃言梦见上帝，上帝命缪公平晋乱。,,,
shiji,concubine,adm,itpre,pregnancy,1,1,九年，襄公卒。初，襄公有贱妾，幸之，有身，梦有人谓曰：“我康叔也，令若子必有卫，名而子曰‘元’。”妾怪之，问孔成子。【集解】：服虔曰：“卫卿孔烝鉏。”成子曰：“康叔者，卫祖也。”及生子，男也，,,,
shiji,adm,,sign,death,1,,夏人殡於东阶，周人於西阶，殷人两柱间。昨暮予梦坐奠两柱之间，予始殷人也。”後七日卒。,,,
shiji,king,,sign,person find,1,,孝文帝梦欲上天，不能，有一黄头郎从後推之上天，,,,
hanshu,king,,sign,NA (non-predictive dreams),non-predictive,,文公梦黄蛇自天下属地，其口止于鄜衍。文公问史敦，敦曰：“此上帝之征，君其祠之”。于是作鄜畤，用三牲郊祭白帝焉。,yes,,
hanshu,king,,itpre,NA (non-predictive dreams),non-predictive,1,秦穆公立，病卧五日不寤，寤，乃言梦见上帝，上帝命穆公平晋乱。史书而藏之府。而后世皆曰上天。,yes,,
hanshu,king,,itpre,pregnancy,1,1,周武王子唐叔在母未生，武王梦帝谓己曰：“余名而子曰虞，将与之唐，属之参。”乃生，名之曰虞。,yes,,
hanshu,adm,,itpre,disaster,1,,又梦大将军谓显曰：“知捕儿不？亟下捕之。”,,,
hanshu,adm,,sign,disaster,1,,显梦第中井水溢流庭下，灶居树上,,,
hanshu,adm,,sign,disaster,1,,禹梦车骑声正讙来捕禹，举家忧愁。,,,
hanshu,king,,itpre,miscellaneous,0,1,上寝疾，梦祖宗谴罢郡国庙，上少弟楚孝王亦梦焉,,yes,
hanshu,king,,sign,person find,1,,文帝尝梦欲上天，不能，有一黄头郎推上天，顾见其衣尻带后穿。觉而之渐台，以梦中阴目求推者郎，见邓通，其衣后穿，梦中所见也,yes,,
hanshu,concubine,king,sign,pregnancy,1,1,对曰：“昨暮梦龙据妾胸。”上曰：“是贵征也，吾为汝成之。”遂幸，有身。岁中生文帝，年八岁立为代王。,yes,,
hanshu,concubine,king's son,sign,pregnancy,1,1,男方在身时，王夫人梦日入其怀，以告太子，太子曰：“此贵征也。”未生而文帝崩，景帝即位，王夫人生男,,,
hanshu,concubine,,sign,pregnancy,1,1,初，李亲任政君在身，梦月入其怀。及壮大，婉顺得妇人道。尝许嫁未行，所许者死。后东平王聘政君为姬，未入，王薨,,,
hanshu,adm,,itpre,location,1,1,七月中，齐郡临淄县昌兴亭长辛当一暮数梦，曰：‘吾，天公使也。天公使我告亭长曰：“摄皇帝当为真。即不信我，此亭中当有新井。’亭长晨起视亭中，诚有新井，入地且百尺。”,,,
hanshu,adm,,sign,NA (non-predictive dreams),non-predictive,,莽梦长乐宫铜人五枚起立，莽恶之，念铜人铭有“皇帝初兼天下”之文，即使尚方工镌灭所梦铜人膺文。,,,
hanshu,concubine,,sign,pregnancy,1,1,初刘媪任高祖而梦与神遇，震电晦冥，有龙蛇之怪,yes,,
hanshu,king,,straight,person find,1,,殷说梦发于傅岩，,yes,,
hanshu,concubine,,sign,pregnancy,1,1,姓刘氏。母媪尝息大泽之陂，梦与神遇。是时雷电晦冥，父太公往视，则见交龙于上。已而有娠，遂产高祖。,yes,,
hanshu,king,,itpre,miscellaneous,0,,孝惠诸园寝庙皆罢。后元帝寝疾，梦神灵谴罢诸庙祠，上遂复焉。后或罢或复，至哀、平不定。,yes,,
hanshu,concubine,,straight,miscellaneous,0,,昭信病，梦见昭平等以状告去。去曰：“虏乃复见畏我！独可翻烧耳。”掘出尸，皆烧为灰。,,,
hanshu,king,adm,sign,disaster,0,,后王梦青蝇之矢积西阶东，可五六石，以屋版瓦覆，发视之，青蝇矢也。以问遂，遂曰：“陛下，之《诗》不云乎？‘营营青蝇，至于藩；恺悌君子，毋信谗言。’陛下左侧谗人众多，如是青蝇恶矣。宜进先帝大臣子孙亲近以为左右。如不忍昌邑故人，信用谗谀，必有凶咎。愿诡祸为福，皆放逐之。臣当先逐矣。”贺不用其言，卒至于废。,,,
hanshu,adm,,itpre,NA (non-predictive dreams),non-predictive,,臣尝梦见一白头翁教臣言,,,
houhanshu,king,,straight,NA (non-predictive dreams),non-predictive,,夜梦先帝、太后如平生欢。既寤,,,
houhanshu,queen,,sign,NA (non-predictive dreams),non-predictive,,先是数日，梦有小飞虫无数赴着身，又入皮肤中而复飞出。,,,
houhanshu,queen,pro,sign,miscellaneous,1,1,"后尝梦扪天，荡荡正青，若有钟乳状，乃仰嗽饮之。以讯诸占梦，言尧梦攀天而上，汤梦及天而咶之，斯皆圣王之前占，吉不可言。又相者见后惊曰：""此成汤之法也。""",,,
houhanshu,king,pro,itpre,NA (non-predictive dreams),non-predictive,,"帝后梦见桓帝怒曰：""宋皇后有何罪过，而听用邪孽，使绝其命？勃海王悝既已自贬，又受诛毙。今宋氏及悝自诉于天，上帝震怒，罪在难救。""梦殊明察。帝既觉而恐",,,
houhanshu,concubine,,sign,pregnancy,1,1,时王美人任娠，畏后，乃服药欲除之，而胎安不动，又数梦负日而行。四年，生皇子协，,,,
houhanshu,adm's wife,,sign,war,1,,其妻数恶梦，又多见怪变，卜筮及望气者皆言兵当从中起。,,,
houhanshu,king,,itpre,politics,1,,"述梦有人语之曰：""八厶子系，十二为期。""觉，谓其妻曰：""虽贵而祚短，若何？""妻对曰：""朝闻道，夕死尚可，况十二乎！",,,
houhanshu,king,,sign,politics,1,1,"光武曰：""我昨夜梦乘赤龙上天，觉悟，心中动悸""异因下席再拜贺曰：""此天命发于精神。心中动悸，大王重慎之性也。""异遂与诸将军议上尊号。",,,
houhanshu,adm,adm,sign,career,1,,"茂初在广汉，梦坐大殿，极上有三穗禾，茂跳取之，得其中穗，辄复失之。以问主簿郭贺，贺离席庆曰：""大殿者，宫府之形象也。极而有禾，人臣之上禄也。取中穗，是中台之位也。于字禾失为秩，虽曰失之，乃所以得禄秩也。衮职有阙，君其补之。""旬月而茂征焉，乃辟贺为掾。",,,
houhanshu,adm,,itpre,death,1,,"五年春，梦孔子告之曰：""起，起，今年岁在辰，来年岁在巳。""既寤，以谶合之，知命当终，有顷寝疾。",,,
houhanshu,adm,,sign,disaster,0,,归国后，数有恶梦，从官卞忌自言能使六丁，善占梦，畅数使卜筮。,,,
houhanshu,adm,,sign,disaster,0,,曾有异梦，意恶之，乃作《梦赋》以自厉,,,
houhanshu,adm,,itpost,NA (non-predictive dreams),non-predictive,,"梦序告之曰：""久客思乡里。""寿即弃官，上书乞骸骨归葬。帝许之，乃反旧茔焉。",,,
houhanshu,adm,,itpost,NA (non-predictive dreams),non-predictive,,"式忽梦见元伯玄冕垂缨屣履而呼曰：""巨卿，吾以某日死，当以尔时葬，永归黄泉。子未我忘，岂能相及？""",,,
houhanshu,adm,,sign,death,1,,"吾日者梦见先师东里先生，与我讲于阴堂之奥。""既而长叹：""岂吾齿之尽乎！若命终之日，桐棺足以周身，外椁足以周棺，敛形悬封，濯衣幅巾。编二尺四寸简，写《尧典》一篇，并刀笔各一，以置棺前，示不忘圣道。""其月望日，无病忽终，学者以为知命焉。",,,
houhanshu,adm,pro,sign,pregnancy,1,,"初，奂为武威太守，其妻怀孕，梦带奂印绶登楼而歌。讯之占者，曰：""必将生男，复临兹邦，命终此楼。""既而生子猛，以建安中为武威太守，杀刺史邯郸商，州兵围之急，猛耻见擒，乃登楼自烧而死，卒如占云。",,,
houhanshu,adm,,itpre,disaster,1,,"杨曰：""昔成帝用方进之言，寻而自梦上天，天帝怒曰：'何故败我濯龙渊？'是后民失其利，多致饥困。",,,
houhanshu,king,adm,sign,NA (non-predictive dreams),non-predictive,,"世传明帝梦见金人，长大，顶有光明，以问群臣。或曰：""西方有神，名曰佛，其形长丈六尺而黄金色。""帝于是遣使天竺，问佛道法，",,,
sanguozhi,king,,sign,NA (non-predictive dreams),non-predictive,,明帝为之改容，以太牢告庙。又尝梦见后,,,
sanguozhi,adm,adm,sign,politics,1,,"初，艾当伐蜀，梦坐山上而有流水，以问殄虏护军爰邵。邵曰：""按易卦，山上有水曰蹇。蹇繇曰：'蹇利西南，不利东北。'孔子曰：'蹇利西南，往有功也；不利东北，其道穷也。'往必克蜀，殆不还乎！""艾怃然不乐",,,
sanguozhi,adm,,itpre,war,1,,"太守杨沛梦人曰：""八月一日曹公当至，必与君杖，饮以药酒。""使宣占之。是时黄巾贼起，宣对曰：""夫杖起弱者，药治人病，八月一日，贼必除灭。""至期，贼果破。",,,
sanguozhi,adm,adm,sign,war,1,,"后东平刘桢梦蛇四足，穴居门中，使宣占之，宣曰：""此为国梦，非君家之事也。当杀女子而作贼者。""顷之，女贼郑、姜遂俱夷讨，以蛇女子之祥，足非蛇之所宜故也。",,,
sanguozhi,king,adm,sign,death,1,,"吾梦殿屋两瓦堕地，化为双鸳鸯，此何谓也？""宣对曰：""后宫当有暴死者。""",,,
sanguozhi,king,adm,sign,death,1,,"帝复问曰：""我昨夜梦青气自地属天。""宣对曰：""天下当有贵女子冤死。",,,
sanguozhi,king,adm,sign,politics,1,,"帝复问曰：""吾梦摩钱文，欲令灭而更愈明，此何谓邪？""宣怅然不对。帝重问之，宣对曰：""此自陛下家事，虽意欲尔而太后不听，是以文欲灭而明耳。""时帝欲治弟植之罪，偪於太后，但加贬爵。以宣为中郎，属太史。",,,
sanguozhi,king,adm,sign,miscellaneous,1,,"吾昨夜梦见刍狗，其占何也？""宣答曰：""君欲得美食耳！""有顷，出行，果遇丰膳",,,
sanguozhi,king,adm,sign,injury,1,,"后又问宣曰：""昨夜复梦见刍狗，何也？""宣曰：""君欲堕车折脚，宜戒慎之。""顷之，果如宣言。",,,
sanguozhi,king,adm,sign,disaster,1,,"后又问宣：""昨夜复梦见刍狗，何也？""宣曰：""君家失火，当善护之。""俄遂火起。",,,
sanguozhi,adm,adm,sign,disaster,0,,"又问：""连梦见青蝇数十头，来在鼻上，驱之不肯去，有何意故？""辂曰：""夫飞鸮，天下贱鸟，及其在林食椹，则怀我好音，况辂心非草木，敢不尽忠？昔元、凯之弼重华，宣惠慈和，周公之翼成王，坐而待旦，故能流光六合，万国咸宁。此乃履道休应。非卜筮之所明也",,,
sanguozhi,king,,sign,person find,1,,昔高宗梦傅说,yes,,
sanguozhi,adm,adm,sign,disaster,1,,"，延梦头上生角，以问占梦赵直，直诈延曰：""夫麒麟有角而不用，此不战而贼欲自破之象也。""退而告人曰：""角之为字，刀下用也；头上用刀，其凶甚矣。""",,,
sanguozhi,adm,adm,sign,career,1,,"琬见推之后，夜梦有一牛头在门前，流血滂沱，意甚恶之，呼问占梦赵直。直曰：""夫见血者，事分明也。牛角及鼻，'公'字之象，君位必当至公，大吉之徵也。""顷之，为什邡令",,,
sanguozhi,king,,sign,career,1,,梦乘龙上天，顾不见尾，觉而异之。,,,
sanguozhi,concubine,,sign,pregnancy,1,1,吴主权潘夫人，会稽句章人也。父为吏，坐法死。夫人与姊俱输织室，权见而异之，召充后宫。得幸有娠，梦有以龙头授己者，己以蔽膝受之，遂生【孙】亮,,,
sanguozhi,wife,,sign,pregnancy,1,,始莫邪梦白象而孕，及生，从母左肋出，生而有结，堕地能行七步。,,,
sanguozhi,adm,,sign,disaster,1,,称心痛去，遂梦为诸葛恪所击，恐惧发病死，,,,
jinshu,king,,sign,NA (non-predictive dreams),non-predictive,,"帝至襄平，梦天子枕其膝，曰：""视吾面。""俯视有异于常，心恶之",,,
jinshu,king,,straight,miscellaneous,0,,帝寝疾，梦贾逵、王凌为祟，甚恶之,,,
jinshu,king,,sign,miscellaneous,1,,又尝梦三马同食一槽，甚恶焉,,,
jinshu,queen,,itpre,pregnancy,1,1,"李太后梦神人谓之曰：""汝生男，以'昌明'为字。""及产，东方始明，因以为名焉。",,,
jinshu,adm,,sign,location,1,,充帐下都督周勤时昼寝，梦见百余人录充，引入一迳。勤惊觉，闻失充，乃出寻索，忽睹所梦之道。遂往求之。果见充行至一府舍，侍卫甚盛。,,,
jinshu,adm,,sign,NA (non-predictive dreams),non-predictive,,"尝问广梦，广云是想。玠曰：""神形所不接而梦，岂是想邪！""广曰：""因",,,
jinshu,commoner,,itpre,miscellaneous,1,,"其妇梦之曰：""吾当复生，可急开棺。""妇颇说之。其夕，母及家人又梦之，即欲开棺，而父不听。含时尚少，乃慨然曰：""非常之事，古则有之，今灵异至此，开棺之痛，孰与不开相负？""父母从之，乃共发棺果有生验，以手刮棺，指爪尽伤，然气息甚微，存亡不分矣。饮哺将护，累月犹不能语，饮食所须，托之以梦",,,
jinshu,adm,,itpre,location,1,,"因得斛余而归，食而不减，至时，堇生乃尽。又尝夜梦人谓之曰：""西篱下有粟。""寤而掘之，得粟十五钟，",,,
jinshu,adm,,itpre,location,1,,"初，湛尝梦见一人，自称甄舒仲，余无所言，如此非一。久之，乃悟曰：""吾宅西有积土败瓦，其中必有死人。甄舒仲者，予舍西土瓦中人也。""检之，果然，厚加敛葬。葬毕，遂梦此人来谢。",,,
jinshu,adm,relative,sign,ability,1,,"少有志尚，尝昼卧，梦一鸟文彩异常，飞入口中，因惊起说之。朱氏曰：""鸟有文彩，汝后必有文章。",,,
jinshu,adm,,itpre,miscellaneous,1,1,"史，洋请急还乡。将赴洛，梦神人谓之曰：""洛中当败，人尽南渡，后五年扬州必有天子。""洋信之，遂不去。既而皆如其梦。",,,
jinshu,adm,adm,sign,war,1,,"季龙尝昼寝，梦见群羊负鱼从东北来，寤以访澄。澄曰：""不祥也，鲜卑其有中原乎！""后亦皆验。澄尝与季龙升中台，澄忽惊曰：""变，变，幽州当火灾。""乃取酒噀之，久而笑曰：""救已得矣。""季龙遣验幽州，云尔日火从四门起，西南有黑云来，骤雨灭之，雨亦颇有酒气。",,,
jinshu,adm,adm,sign,disaster,1,,"季龙梦龙飞西南，自天而落，旦而问澄，澄曰：""祸将作矣，宜父子慈和，深以慎之。""季龙引澄入东阁，与其后杜氏问讯之。澄曰：""胁下有贼，不出十日，自浮图以西，此殿以东，当有血流，慎勿东也。""杜后曰：""和尚耄邪！何处有贼？""澄即易语云：""六情所受，皆悉是贼。老自应耄，但使少者不昏即好耳。""遂便寓言，不复彰的。后二日，宣果遣人害韬于佛寺中，欲因季龙临丧杀之。",,,
jinshu,adm,adm,sign,death,1,,"郡主簿张宅梦走马上山，还绕舍三周，但见松柏，不知门处。紞曰：""马属离，离为火。火，祸也。人上山，为凶字。但见松伯，墓门象也。不知门处，为无门也。三周，三期也。后三年必有大祸。""宅果以谋反伏诛。",,,
jinshu,adm,adm,sign,pregnancy,1,,"充后梦见一虏，脱上衣来诣充。紞曰：""虏去上中，下半男字，夷狄阴类，君妇当生男。""终如其言",,,
jinshu,adm,adm,sign,disaster,1,,"""我昨夜梦舍中马舞，数十人向马拍手，此何祥也？""紞曰：""马者，火也，舞为火起。向马拍手，救火人也。""平未归而火作。",,,
jinshu,adm,adm,sign,disaster,1,,"索绥梦东有二角书诣绥，大角朽败，小角有题韦囊角佩，一在前，一在后。紞曰：""大角朽败，腐棺木。小角有题，题所诣。一在前，前紞凶也。一在后，后背也。当有凶背之问。""时绥父在东，居三日而凶问至。",,,
jinshu,adm,adm,sign,location,1,,"郡功曹张邈尝奉使诣州，夜梦狼啖一脚。紞曰：""脚肉被啖，为却字。""会东虏反，遂不行。凡所占莫不验。",,,
jinshu,mother,,sign,pregnancy,1,,苻健，字建业，洪第三子也。初，母姜氏梦大罴而孕之，及长，勇果便弓马，,,,
jinshu,king,,sign,politics,1,,"初，生梦大鱼食蒲，又长安谣曰：""东海大鱼化为龙，男便为王女为公。问在何所洛门东。""东海，苻坚封也，时为龙骧将军，第在洛门之东。生不知是坚",,,
jinshu,king,,itpre,disaster,1,,"是夜清河王苻法梦神告之曰：""旦将祸集汝门，惟先觉者可以免之。""寤而心悸。会侍婢来告，乃与特进梁平老、",,,
jinshu,king's mother,,sign,pregnancy,1,1,其母苟氏尝游漳水，祈子于西门豹祠，其夜梦与神交，因而有孕,,,
jinshu,adm,,itpre,disaster,1,,"其夜庙丞高虏梦龟谓之曰：""我本出将归江南，遭时不遇，陨命秦庭。""又有人梦中谓虏曰：""龟三千六百岁而终，终必妖兴，亡国之征也。""",,,
jinshu,king,,straight,person find,1,,虽傅岩入梦,yes,,
jinshu,adm,,sign,miscellaneous,1,,"丰曰：""初将发，夜梦乘马南渡水，返而北渡，复自北而南，马停水中，鞭策不去。俯而视之，见两日在于水下，马左白而湿，右黑而燥。寤而心悸，窃以为不祥。还之夜，复梦如初，问之筮者，筮者云：'忧狱讼，远三枕，避三沐。'既至，妻为具沐，夜授丰枕。丰记筮者之言，皆不从之。",,,
jinshu,adm,,sign,career,1,,"梦苌服衮衣，升御坐，诸酋长皆侍立，旦谓将佐曰：""吾梦如此，此儿志度不恒，或能大起吾族。""襄之败于麻田也，马中流矢死，苌下马以授襄，襄曰：""汝何以自免？""苌曰：""但令兄济，竖子安敢害苌！""会救至，俱免。",,,
jinshu,adm,,sign,injury,1,,"苌如长安，至于新支堡，疾笃，舆疾而进。梦苻坚将天官使者、鬼兵数百突入营中，苌惧，走入宫，宫人迎苌刺鬼，误中苌阴，鬼相谓曰：""正中死处。""拔矛，出血石余。寤而惊悸，遂患阴肿，医刺之，出血如梦。",,,
jinshu,adm,,sign,war,1,1,"又进攻龟兹城，夜梦金象飞越城外。光曰：""此谓佛神去之，胡必亡矣。",,,
jinshu,adm,,itpost,NA (non-predictive dreams),non-predictive,,"是岁，张掖督邮傅曜考核属县，而丘池令尹兴杀之，投诸空井，曜见梦于光曰：""臣张掖郡小吏，案校诸县，而丘池令尹兴赃状狼藉，惧臣言之，杀臣投于南亭空井中。臣衣服形状如是。""光寤而犹见，久之乃灭。遣使覆之如梦，光怒，杀兴",,,
jinshu,mother,,sign,pregnancy,1,1,母公孙氏梦日入脐中，昼寝而生德,,,
jinshu,king,,itpre,death,1,1,"德夜梦其父曰：""汝既无子，何不早立超为太子，不尔，恶人生心。""寐而告其妻曰：""先帝神明所敕，观此梦意，吾将死矣。""乃下书以超为皇太子，大赦境内，子为父后者人爵二级。其月死，即义熙元年也，时年七十。",,,
jinshu,king,,sign,miscellaneous,1,,"敦正书寝，梦日环其城，惊起曰：""此必黄须鲜卑奴来也。""帝母荀氏，燕代人，帝状类外氏，须黄，敦故谓帝云。于是使五骑物色追帝。帝亦驰去，马有遗粪，辄以水灌之。见逆旅卖食妪，以七宝鞭与之，曰：""后有骑来，可以此示也。""俄而追者至",,,
jinshu,commoner,,itpre,miscellaneous,1,,"琅邪人颜畿病死，棺敛已久，家人咸梦畿谓己曰；""我当复生，可急开棺。""遂出之，渐能饮食屈伸视瞻，不能行语，二年复死",,,
jinshu,queen,,sign,pregnancy,1,1,后数梦两龙枕膝，日月入怀，意以为吉祥，向侪类说之，帝闻而异焉，遂生孝武帝及会稽文孝王、鄱阳长公主。,,,
jinshu,adm,,sign,miscellaneous,1,,先是，导梦人以百万钱买悦，潜为祈祷者备矣。寻掘地，得钱百万，意甚恶之，,,,
jinshu,adm,,sign,death,1,,"珣梦人以大笔如椽与之，既觉，语人云：""此当有大手笔事。""俄而帝崩，哀册谥议，皆珣所草。",,,
jinshu,adm,,sign,death,1,,"茂少时梦得大象，以问占梦万推。推曰：""君当为大郡，而不善也。""问其故，推曰：""象者大兽，兽者守也，故知当得大郡。然象以齿焚，为人所害。""果如其言。",,,
jinshu,king,,straight,miscellaneous,1,,高宗、文王思佐发梦，拔岩徒以为相，载钓老而师之。,,,
jinshu,adm,,sign,NA (non-predictive dreams),non-predictive,,"恭梦牢之坐其处，旦谓牢之曰：""事克，即以卿为北府。""遣牢之率帐下督颜延先据竹里。元显使说牢之，啖以重利，牢之乃斩颜延以降",,,
jinshu,adm,,sign,war,1,,"梦丸土而服之，既觉，喜曰：""丸者桓也，丸既吞矣，我当复土也。""旬日而玄败，遂与司马休之还京师。拜辅国将军、晋陵太守。与诸葛长民破桓歆于芍陂，迁建威将军、江州刺史，镇寻阳。又击桓亮、苻宏于湘中，所在有功",,,
jinshu,adm,,itpre,miscellaneous,0,1,臣昨梦先王告臣云：'三弟将为逆乱，汝速除之。'臣谨奉先王之命矣,,,
jinshu,adm,,straight,ability,1,,先事神，梦神赐之弓，又教载舶入海。,,,
jinshu,mother,,sign,pregnancy,1,1,"初，聪之在孕也，张氏梦日入怀，寤而以告，元海曰：""此吉征也，慎勿言。""十五月而生聪焉，夜有白光之异",,,
jinshu,adm,,straight,death,1,,赵染寇北地，梦鲁徽大怒，引弓射之，染惊悸而寤。旦将攻城，中弩而死。,,,
jinshu,king,adm,sign,disaster,1,,"咸和三年，夜梦三人金面丹唇，东向逡巡，不言而退，曜拜而履其迹。旦召公卿已下议之，朝臣咸贺以为吉祥，惟太史令任义进曰：""三者，历运统之极也。东为震位，王者之始次也。金为兑位，物衰落也。唇丹不言，事之毕也。逡巡揖让，退舍之道也。为之拜者，屈伏于人也。履迹而行，慎不出疆也。东井，秦分也。五车，赵分也。秦兵必暴起，亡主丧师，留败赵地。远至三年，近七百日，其应不远。愿陛下思而防之。",,,
jinshu,king,,sign,NA (non-predictive dreams),non-predictive,,"俊夜梦石季龙啮其臂，寤而恶之，命发其墓，剖棺出尸，蹋而骂之曰：""死胡安敢梦生天子！""",,,
jinshu,mother,,sign,pregnancy,1,1,母罗氏，梦双虹自门升天，一虹中断，既而生荡。后罗氏因汲水，忽然如寐，又梦大蛇绕其身，遂有孕，,,,
jinshu,adm,,sign,disaster,1,,忽梦见屋坏，觉而恶之,,,
jinshu,adm,adm,sign,career,1,,"夜梦悬三刀于卧屋梁上，须臾又益一刀，濬警觉，意甚恶之。主簿李毅再拜贺曰：""三刀为州字，又益一者，明府其临益州乎？""及贼张弘杀益州刺史皇甫晏，果迁濬为益州刺史。",,,
jinshu,adm,,sign,disaster,1,,其夕，机梦黑幰绕车，手决不开，天明而秀兵至。,,,
jinshu,king,,straight,person find,1,,愿陛下赦小过，举贤才，垂梦于傅岩，望想于渭滨,,,
jinshu,adm,,sign,NA (non-predictive dreams),non-predictive,,又梦生八翼，飞而上天，见天门九重，已登其八，唯一门不得入。阍者以杖击之，因隧地，折其左翼。及寤，左腋犹痛。,,,
jinshu,adm,,itpre,disaster,1,,"峤其夜梦人谓己曰：""与君幽明道别，何意相照也？""意甚恶之。峤先有齿疾，至是拔之，因中风，至镇未旬而卒，时年四十二",,,
jinshu,king,,sign,death,1,,"昔桓温在时，吾常惧不全。忽梦乘温舆行十六里，见一白鸡而止。乘温舆者，代其位也。十六里，止今十六年矣。白鸡主酉，今太岁在酉，吾病殆不起乎！""乃上疏逊位，诏遣侍中、尚书喻旨。先是，安发石头，金鼓忽破，又语未尝谬，而忽一误，众亦怪异之。寻薨，时年六十六。",,,
jinshu,adm,,sign,death,1,,"有敦煌父老令狐炽梦白头公衣帢而谓炽曰：""南风动，吹长木，胡桐椎，不中毂。""言讫忽然不见。士业小字桐椎，至是而亡。",,,
jinshu,adm,,sign,death,1,,"释之。众人皆贺，雄笑曰：""昨夜梦乘车，挂肉其傍。夫肉必有筋，筋者斤也，车傍有斤，吾其戮乎！""寻而敦遣杀之",,,
jinshu,adm,pro,sign,career,1,,为淮南太守。梦行水边，见一女子，猛兽自后断其盘囊。占者以为水边有女，汝字也，断盘囊者，新兽头代故兽头也，不作汝阴，当汝南也。果迁汝阴太守。后为中庶子。,,,
jinshu,adm,,sign,death,1,,"夜梦乘青龙上天，至屋而止，寤而叹曰：""龙飞在天，今止于屋。屋之为字，尸下至也。龙飞至尸，吾其死也。古之君子不卒内寝，况吾正士乎！""遂还酒泉南山赤崖阁，饮气而卒",,,
jinshu,wife,,sign,disaster,0,,一昨梦殊不好，门内宜浣濯沐浴以除之，且不宜赤色，我当悉取作七日藏厌。,,,
jinshu,adm,,sign,death,1,,敦始病，梦白犬自天而下啮之，又见刁协乘轺车导从，瞋目令左右执之。俄而敦死，时年五十九。应秘不发丧，裹尸以席，蜡涂其外，埋于厅事中，与诸葛瑶等恒纵酒淫乐。,,,
jinshu,adm,,sign,pregnancy,1,,"豹妻呼延氏，魏嘉平中祈子于龙门，俄而有一大鱼，顶有二角，轩鬐跃鳞而至祭所，久之乃去。巫觋皆异之，曰：""此嘉祥也。""其夜梦旦所见鱼变为人，左手把一物，大如半鸡子，光景非常，授呼延氏，曰：""此是日精，服之生贵子。""寤而告豹，豹曰：""吉征也。吾昔从邯郸张冏母司徒氏相，云吾当有贵子孙，三世必大昌，仿像相符矣。""自是十三月而生元海，",,,
songshu,queen,,itpre,politics,1,1,"及太后崩后数日，帝梦太后谓之曰：""汝不孝不仁，本无人君之相。子尚愚悖如此，亦非运祚所及。孝武险虐灭道，怨结人神，儿子虽多，并无天命。大运所归，应还文帝之子。""其后湘东王绍位，果文帝子也。",,,
songshu,adm,,sign,miscellaneous,1,,"辄梦闻鼓吹。有人为其占之曰：""君不得生鼓吹，当得死鼓吹尔。""摛击杜韬战没，追赠长水校尉，葬给鼓吹焉。",,,
songshu,king,,sign,politics,1,1,梦攀天而上。高辛氏衰，天下归之。,,,符瑞上
songshu,king,,sign,miscellaneous,0,,舜服龙工衣自傍而出。耕于历山，梦眉长与发等,,,符瑞上
songshu,mother,,sign,pregnancy,1,1,梦接意感，既而吞神珠,,,符瑞上
songshu,adm,,sign,NA (non-predictive dreams),non-predictive,,伊挚将应汤命，梦乘船过日月之傍,,,符瑞上
songshu,king,,sign,politics,1,1,梦及天而舓之，遂有天下,,,符瑞上
songshu,mother,,sign,pregnancy,1,1,季历之妃曰太任，梦长人感己，溲于豕牢而生昌，是为周文王,,,符瑞上
songshu,concubine,,sign,NA (non-predictive dreams),non-predictive,,文王之妃曰太姒，梦商庭生棘，太子发植梓树于阙间，化为松柏棫柞。以告文王，文王币告群臣，与发并拜告梦。,,,符瑞上
songshu,adm,,sign,politics,1,,鲁哀公十四年，孔子夜梦三槐之间，丰、沛之邦，有赤烟气起，乃呼颜渊、子夏往视之。驱车到楚西北范氏街，见刍儿摘麟，伤其左前足，薪而覆之。,,,符瑞上
songshu,mother,,sign,pregnancy,1,1,汉高帝父曰刘执嘉。执嘉之母，梦赤鸟若龙戏己，而生执嘉,,,符瑞上
songshu,mother,,sign,pregnancy,1,1,又寝于大泽，梦与神遇,yes,,符瑞上
songshu,concubine,king,sign,pregnancy,1,1,"薄姬言：""妾昨梦青龙据妾心。""高帝曰：""我是也。吾为尔成之。""一御而生文帝。",yes,,符瑞上
songshu,concubine,,sign,pregnancy,1,1,"梦日入其怀，以告太子。太子曰：""是贵征也。""生男，是为武帝。",yes,,符瑞上
songshu,concubine,,sign,pregnancy,1,1,梦月入其怀，生女，是为元后。每许嫁，未行，,yes,,符瑞上
songshu,king,,sign,politics,1,1,光武又梦乘赤龙登天，乃即位，都洛阳，营宫阙。一夕，有门材自至。,yes,,符瑞上
songshu,mother,,sign,pregnancy,1,1,刘媪妊高祖而梦与神遇,yes,,符瑞上
songshu,king,,sign,politics,1,1,"后尝梦登梯，以手扪天，天体荡荡正青而滑，有若钟乳者，后仰吮之。以讯之占梦。占梦者曰：""尧梦攀天而上，汤梦及天而呧之，此皆非常梦也。""既而入宫，遂登尊位。安帝未即大位，",yes,,符瑞上
songshu,mother,,sign,pregnancy,1,1,"坚母任坚，梦肠出绕吴昌门。以告邻母，邻母曰：""安知非吉祥也。""昌门，吴郭门也。坚生而容貌奇异。坚妻吴氏初妊子策，梦月入其怀；后孕子权，又梦日入怀。告坚曰：""昔妊策，梦月入怀，今又梦日入怀，何也？""坚曰：""日月阴阳之精，极贵之象，吾子孙其兴乎！""",,,符瑞上
songshu,king,,sign,politics,1,1,权子休，初封琅邪王，梦乘龙上天，顾不见尾。后得大位，其子被废。,yes,,符瑞上
songshu,king,,sign,politics,1,,魏武帝尝梦有三匹马在一槽中共食，其后宣帝及景、文相继为宰相，遂倾曹氏。,yes,,符瑞上
songshu,king,,sign,NA (non-predictive dreams),non-predictive,,帝梦见光武帝、光烈皇后，梦中喜觉，悲不能寐。明旦上陵，百官、胡客悉会。,yes,,
songshu,commoner,,sign,miscellaneous,1,,"家人咸梦畿谓己曰：""我当复生，可急开棺。""遂出之。渐能饮食屈申视瞻，不能行语也。二年复死。其后刘渊、石勒遂亡晋室。",yes,,
songshu,adm,,sign,NA (non-predictive dreams),non-predictive,,穆之尝梦与高祖俱泛海，忽值大风，惊惧。俯视船下，见有二白龙夹舫。既而至一山，峰崿耸秀，林树繁密，意甚悦之。,,,
songshu,adm,,sign,war,1,,"敬宣素晓天文，知必有兴复晋室者。寻梦丸土服之，既觉，喜曰：""丸者桓也。桓既吞矣，吾复本土乎！""",yes,,
songshu,adm,,itpre,miscellaneous,1,,"""斌乃止。初，玄谟始将见杀，梦人告曰：""诵《观音经》千遍，则免。""既觉，诵之得千遍，明日将刑，诵之不辍，忽传呼停刑。",,,
songshu,adm,,sign,death,1,,"庆之梦有人以两匹绢与之，谓曰：""此绢足度。""谓人曰：""老子今年不免。两匹，八十尺也。足度，无盈余矣。""及死，",,,
songshu,adm,,itpre,illness,1,,"，眠中梦人告之曰：""官须发为槊毦。""既觉，已失髻矣，如此者数十人，诞甚怪惧",,,
songshu,adm,,straight,politics,1,,"梦仰头视天，正见天门开，谓左右曰：""汝见天门开不？""至是叹曰：""梦天开，乃中兴之象邪！""",,,
weishu,queen,king,sign,pregnancy,1,1,"后幼曾梦在堂内立，而日光自窗中照之，灼灼而热，后东西避之，光犹斜照不已。如是数夕，后自怪之，以白其父扬，扬以问辽东人闵宗。宗曰：""此奇徵也，贵不可言。""扬曰：""何以知之？""宗曰：""夫日者，君人之德，帝王之象也。光照女身，必有恩命及之。女避犹照者，主上来求，女不获已也。昔有梦月入怀，犹生天子，况日照之徵。此女必将被帝命，诞育人君之象也。""遂生世宗",,,
weishu,mother,,itpre,pregnancy,1,,"初瑞母尹氏，有娠致伤。后昼寝，梦一老翁具衣冠告之曰：""吾赐汝一子，汝勿忧之。""寤而私喜。又问筮者，筮者曰：""大吉。""未几而生瑞，祯以为协梦，",,,
weishu,king,,itpre,NA (non-predictive dreams),non-predictive,,"高祖曰：""朕昨夜梦一老公，头鬓皓白，正理冠服，拜立路左。朕怪而问之，自云晋侍中嵇绍，故此奉迎。神爽卑惧，似有求焉。""澄对曰：""晋世之乱，嵇绍以身卫主，殒命御侧，亦是晋之忠臣；比干遭纣凶虐，忠谏剖心，可谓殷之良士。二人俱死于王事，坟茔并在于道周。然陛下徙御殷洛，经殷墟而布吊比干，至洛阳而遗嵇绍，当是希恩而感梦",,,
weishu,adm,,itpre,death,1,,"梦有人告之曰：""任城当死。死后二百日外，君亦不免。若其不信，试看任城家。""熙梦中顾瞻任城第舍，四面墙崩，无遗堵焉。熙恶之，觉而以告所亲。及熙之死也，果如所梦",,,
weishu,adm,adm,sign,death,1,,"夜梦秉火爇顺寝室，火作而顺死，浩与室家群立而观之。俄而顺弟息号哭而出，曰：""此辈，吾贼也！""以戈击之，悉投于河。寤而恶之，以告馆客冯景仁。景仁曰：""此真不善也，非复虚事。夫以火爇人，暴之极也。阶乱兆祸，复己招也",,,
weishu,adm,pro,sign,career,1,,"夜梦阴毛拂踝。他日说之。时齐人有占梦者曰史武，进云：""豪盛于齐下矣。使君临抚东秦，道光海岱，必当重牧全齐，再禄营丘矣。""范笑而答曰：""吾将为卿必验此梦。""果如其言",,,
weishu,adm,,itpre,death,1,,"忽梦由携酒就之言别，赋诗为赠。及明，忆其诗十字云：""自兹一去后，市朝不复游。""元明叹曰：""由性不狎俗，旅寄人间，乃今有梦，又复如此，必有他故。""经三日，果闻由为乱兵所害。寻其亡日，乃是得梦之夜",,,
weishu,adm,,sign,death,1,,"夬未亡前，忽梦见征虏将军房世宝来至其家，直上厅事，与其父坐，屏人密言。夬心惊惧，谓人曰：""世宝至官间，必击我也。",,,
weishu,adm,,itpre,war,1,,"河边人梦神谓己曰：""尔朱家欲渡河，用尔作灅波津令，为之缩水脉。""月余，梦者死。及兆至，有行人自言知水浅处，以草往往表插而导道焉。忽失其所在。",,,
weishu,adm,self,sign,war,1,,"还白高兄，弟有吉梦，今段之行，必有克获。""腾问：""王梦如何？""兆答曰：""吾比梦吾亡父登一高堆，堆旁之地悉皆耕熟，唯有马蔺草株往往犹在。吾父问言何故不拔，左右云坚不可去。吾父顾我，令下拔之，吾手所至，无不尽出。以此而言，往必有利。""",,,
weishu,adm,,sign,death,1,,"向梦人断我头去，意殊不适。""",,,
weishu,adm,,sign,NA (non-predictive dreams),non-predictive,,梦日坠其所居黄山下水中，村人以车牛挽致不能出，英独抱载而归，闻者异之。,,,
weishu,king,,sign,NA (non-predictive dreams),non-predictive,,言梦太后来呼臣。高祖呜咽，执手而出，遂行,,,
weishu,adm,self,sign,disaster,1,,"奇初被召，夜梦星坠压脚，明而告人曰：""星则好风，星则好雨，梦星厌脚，必无善征。但时命峻切，不敢不赴耳。",,,
weishu,adm,,itpre,miscellaneous,1,,是时又有人负罪当死，梦沙门教讲经，觉时如所梦，默诵千遍，临刑刀折，主者以闻，赦之。此经遂行于世，号曰《高王观世音》,yes,,
weishu,adm,,itpre,ability,1,,式少专家学。数年之中，常梦两人时相教授，乃寤，,,,
weishu,queen,adm,sign,pregnancy,1,1,"初文昭皇太后之怀世宗也，梦为日所逐，化而为龙而绕后，后寤而惊悸，遂成心疾。文明太后敕召徐謇及显等为后诊及脉，謇云是微风入藏，宜进汤加针。显云：""案三部脉非有心疾，将是怀孕生男之象",,,
weishu,king,,sign,politics,1,,"初，生梦大鱼食蒲，又长安谣曰：""东海大鱼化为龙，男便为王女为公。问在何所，洛门东。""是月，生以谣梦之故，诛太师鱼遵父子一十八人。",yes,,
weishu,king,,sign,injury,1,,"梦苻坚将天官使者、鬼兵数百，突入营中，苌惧走后宫，宫人迎苌刺鬼。误中苌阴。鬼相谓曰：""正中死处。""拔矛出血石余。寤而惊悸，遂患阴肿，医刺之，出血如梦。",yes,,
weishu,adm,,sign,politics,0,,"吾昨梦祚摄位，方委以周公之事，辅翼世子。""而祚终杀曜灵焉。",,,
weishu,adm,,sign,death,1,,"敦煌父老令孤炽梦一白头公帢衣，而谓曰：""南风动，吹长木。胡桐椎，不中毂。""言讫，忽然不见。歆小字桐椎，至是而亡。'",,,
weishu,mother,,sign,pregnancy,1,1,初因迁徙，游于云泽，既而寝息，梦日出室内，寤而见光自牖属天，欻然有感。,,,
weishu,mother,,sign,pregnancy,1,1,母曰高夫人，初，梦为日所逐，避于床下。日化为龙，,,,
weishu,king,,sign,auspiciousness,-1,,昔明元末起白台，其高二十余丈，乐平王尝梦登其上，四望无所见。王以问日者董道秀，筮之曰：'大吉'。王默而有喜色。后事发，王遂忧死，而道秀弃市。,,,
weishu,adm,,itpre,career,1,,"弼尝梦人谓之曰：""君身不得传世封，其绍先爵者，君长子绍远也。""弼觉，即语晖业。终如其言。",,,
weishu,adm,,itpost,miscellaneous,1,,"后夜忽梦一丈夫，衣冠甚伟，著绣衣曲领，向安祖再拜。安祖怪而问之。此人云：""感君前日见放，故来谢德",,,
weishu,adm,,itpre,death,1,,"颖梦见之，向颖拜曰：""新妇今被处分为高崇妻，故来辞君。""泫然流涕。颖旦而见崇言之，崇后数日而卒。",,,
weishu,adm,,sign,NA (non-predictive dreams),non-predictive,,吾昨夜梦有一骏马，无堪乘者，人曰：'何由得人乘之？'有一人对曰：'唯有傅灵庆堪乘此马。'又有弓一张，亦无人堪引，人曰：'唯有傅灵根可以弯此弓。'又有数纸文书，人皆读不能解，人曰：'唯傅灵越可解此文。'融意谓其三子文武才干，堪以驾驭当世。,,,
weishu,adm,,sign,disaster,1,,"先死忽梦崩坏。沙门有为解云：""檀越当不吉利，无人供养佛图，故崩耳。""康生称然。竟及祸。",,,
weishu,adm,,itpre,war,1,,门下督周伏兴以去七月患假还家，至十一日夜梦渡肥水，行至草堂寺南，遥见七人，一人乘马著朱衣，笼冠，六人从后。兴路左而立，至便再拜。问兴何人。兴对曰：'李公门下督，暂使硖石。'其人语兴：'君可回，我是孝文皇帝中书舍人，遣语李宪，勿忧贼堰，此月破矣。'兴行两步，录兴姓字，令兴速白。兴寤，晓遂还城，具言梦状。七月二十七日，堰破。,,,
weishu,king,,sign,NA (non-predictive dreams),non-predictive,,后孝明帝夜梦金人，项有日光，飞行殿庭，乃访群臣，傅毅始以佛对。帝遣郎中祭愔、博士弟子秦景等使于天竺，写浮屠遗范,yes,,
weishu,adm,,itpre,war,1,,梦一人从葛荣索千牛刀，而葛荣初不肯与。此人自称：我是道武皇帝，汝何敢违！葛荣乃奉刀，此人手持授荣。既寤而喜，自知必胜。,,,
weishu,king,,itpre,miscellaneous,0,,"我仅睡即梦见岳语：'我兄欲何处去，随我不相置。'""因此弥不自安，而致败灭。",,,
weishu,king,,sign,illness,1,,初敦败叡之后，梦白犬自天而下，噬之。及疾甚，见刁协、甘卓为崇，遂死,,,
nanqishu,mother,,sign,pregnancy,1,1,刘昭后同梦龙据屋上，故字上焉,,,
nanqishu,king,,itpre,NA (non-predictive dreams),non-predictive,,"先是世祖梦太祖曰：""宋氏诸帝尝在太庙，从我求食。可别为吾祠。",,,
nanqishu,king,,sign,NA (non-predictive dreams),non-predictive,1,"太祖年十七，梦乘青龙西行逐日，日将薄山乃止，觉而恐惧。家人问占者，云""至贵之象也""。苏偘云：""青，木色。日暮者，宋氏末运也。""",,,
nanqishu,king,,sign,NA (non-predictive dreams),non-predictive,,"奉伯与太祖同寝，梦上乘龙上天，于下捉龙脚不得。觉谓太祖曰：""兖州当大庇生民，弟不见也。""奉伯卒于宋。",,,
nanqishu,adm,,itpre,politics,1,1,"清河崔灵运为上府参军，梦天帝谓己曰：""萧道成是我第十九子，我去年已授其天子位。""自三皇五帝至齐，受命君凡十九人也。",,,
nanqishu,king,adm,sign,politics,1,,"世祖年十三，梦举体生毛，发生至足。又梦人指上所践地曰""周文王之田""。又梦虚空中飞。又梦著孔雀羽衣。庾温云：""雀，爵位也。""又梦凤皇从天飞下青溪宅斋前，两翅相去十余丈，翼下有紫云气。及在襄阳，梦著桑屐行度太极殿阶。庾温云：""屐者，运应木也。""臣案，桑字为四十而二点，世祖年过此即帝位，谓著屐为木行也。",,,
nanqishu,king,adm,sign,miscellaneous,non-predictive,,"及在郢州，梦人从天飞下，头插笔来画上衣两边，不言而去。庾温释云：""画者，山、龙、华虫也。""",,,
nanqishu,mother,adm,sign,ability,1,,后生太祖。太祖年二岁，乳人乏乳，后梦人以两瓯麻粥与之，觉而乳大出，异而说之,,,
nanqishu,mother,,sign,pregnancy,non-predictive,1,"后母桓氏梦吞玉胜生后，时有紫光满室，以告寿之，寿之曰：""恨非是男。""桓曰：""虽女，亦足兴家矣。""后母寝卧，家人常见上如有云气焉。年十余岁，",,,
nanqishu,wife,,sign,politics,-1,,"敬儿心疑。及垣崇祖死，愈恐惧，妻谓敬儿曰：""昔时梦手热如火，而君得南阳郡。元徽中，梦半身热，而君得本州。今复梦举体热矣。""有阉人闻其言，说之。事达世祖。敬儿又遣使与蛮中交关，世祖疑其有异志。永明元年，敕朝臣华林八关斋，于坐收敬儿。敬儿左右雷仲显知有变，抱敬儿而泣。敬儿脱冠貂投地曰：""用此物误我。""少日，伏诛。",,,
nanqishu,adm,,sign,ability,1,,"谓人曰：""此儿有鼓角相。""敬则年长，两腋下生乳各长数寸。梦骑五色师子。年二十余，善拍张。补刀戟左右。",,,
nanqishu,king,,itpre,illness,1,,"灵哲所生母尝病，灵哲躬自祈祷，梦见黄衣老公曰：""可取南山竹笋食之，疾立可愈。""灵哲惊觉，如言而疾瘳。",,,
nanqishu,adm,,sign,war,1,,"""却后三年。""伯玉梦中自谓是咒师，向上唾咒之，凡六咒，有六龙出，两掖下翅皆舒，还而复敛。元徽二年而太祖破桂阳，威名大震；五年而废苍梧。太祖谓伯玉曰：""卿时乘之梦，今且效矣。""",,,
nanqishu,king,,sign,NA (non-predictive dreams),non-predictive,,初，世祖梦金翅鸟下殿庭，搏食小龙无数，乃飞上天。,,,
nanqishu,adm,,itpre,disaster,1,,"初，孝嗣在率府，昼卧斋北壁下，梦两童子遽云""移公床""。孝嗣惊起，闻壁有声",,,
nanqishu,adm,,sign,NA (non-predictive dreams),non-predictive,,。至祥禫，暮梦见其父，恸哭而绝。,,,
nanqishu,mother,,sign,pregnancy,1,1,林邑王范杨迈初产，母梦人以金席藉之，光色奇丽,,,
nanqishu,adm,,straight,ability,1,,梦神赐弓一张，教乘舶入海。,yes,,
nanqishu,adm,,sign,NA (non-predictive dreams),non-predictive,,"主簿。僧真梦蒿艾生满江，惊而白之。太祖曰：""诗人采萧，萧即艾也。萧生断流，卿勿广言。",,,
nanqishu,king,,itpre,NA (non-predictive dreams),non-predictive,,"玄高道人有道术，晃使祈福七日七夜，佛狸梦其祖父并怒，手刃向之曰：""汝何故信谗欲害太子！""佛狸惊觉，下伪诏曰：""王者大业，纂承为重，储宫嗣绍，百王旧例。自今已往，事无巨细，必经太子，然后上闻。""晃后谋杀佛狸见杀",,,
beishi,king,,person,NA (non-predictive dreams),non-predictive,,帝直宿嫔御已下七百人咸见焉。帝又梦之,,,
beishi,queen,,sign,pregnancy,1,1,。母曰胡皇后，梦于海上坐玉盆，日入裙下，遂有娠,,,
beishi,adm,,sign,disaster,1,,武成梦大猬攻破邺城，故索境内猬膏以绝之。识者以后主名声与猬相协，亡齐征也,,,
beishi,queen,,sign,pregnancy,1,1,后凡孕六男二女，皆感梦。孕文襄则梦一断龙；孕文宣则梦大龙，首尾属天地，张口动目，势状惊人；孕孝昭则梦蠕龙于地；孕武成则梦龙浴于海；孕魏二后，并梦月入怀；孕襄城、博陵二王，梦鼠入衣下。后未崩,,,
beishi,queen,,itpre,NA (non-predictive dreams),non-predictive,,尝梦周阿史那后，言受罪辛苦，求营功,,,
beishi,king,,sign,NA (non-predictive dreams),non-predictive,,"帝曰：""朕昨夜梦一老公，拜立路左，云晋侍中嵇绍，故此奉迎，神爽卑惧，似有求焉",yes,,
beishi,adm,self interpret,sign,death,1,,帝在藩，顺梦一段黑云从西北直来，触东南上日月俱破，复翳诸星，天地尽暗。俄而云消雾散，便有日出自西南隅，甚明净，云长乐王日。寻见庄帝从阊阖门入，登,,,
beishi,adm,,itpre,death,1,,"熙于任城王澄薨前，梦有人告之曰：""任城当死，死后二百日外，君亦不免。若其不信，试看任城家。""熙梦中顾瞻任城第舍，四面墙崩，无遗堵焉。熙恶之，觉而以告所亲。及熙之死也，果如所梦。",,,
beishi,adm,pro,sign,career,1,,"夜梦阴毛拂踝。他日说之。时齐人有占梦者史武进云：""公豪盛于齐下矣。""使君临抚东秦，道光海岱，必当重牧全齐，再禄营丘矣。""范笑答曰：""吾将为卿必验此梦。""果如言。",,,
beishi,adm,,itpre,death,1,,"元明友人王由居颍川，忽梦由携酒就之言别，赋诗为赠。及明，忆其诗十字，云：""自兹一去后，市朝不复游。""元明叹曰：""由性不狎俗，旅寄人间，乃有今梦，诗复如此，必有他故。""经三日，果闻由为乱兵所害。寻其亡日，乃是发梦之夜。",yes,,
beishi,adm,,straight,illness,1,,"因寄书与弟士邃曰：""吾梦汝以某月某日得患，某月某日渐损。""皆如其言",,,
beishi,adm,,itpre,miscellaneous,1,,又有人负罪当死，梦沙门教讲经，觉时如所梦，谓诵千遍，临刑刀折。主者以闻，赦之。此经遂行，号曰《高王观世音,yes,,
beishi,adm,,sign,disaster,1,,梦京兆以血涂己。寤而怒，使折其二胫。,,,
beishi,king,adm,sign,illness,-1,,"后上梦欲上高山而不能得，崔彭捧脚，李盛扶肘，乃得上。因谓彭曰：""死生当与尔俱。""劭曰：""此梦大吉。上高山者，明高崇大安，永如山也。彭犹彭祖，李犹李老，二人扶侍，实为长寿之征。""上闻之，喜见容色。其年，上崩，未几，崔彭亦卒。",,,
beishi,adm,,sign,ability,1,,云尝梦人弹琴，寤而写得。当时以为绝妙,,,
beishi,adm,,itpre,location,1,,"元氏更适赵起。尝梦庶谓己曰：""我薄福，托刘氏为女，明旦当出，彼家甚贫，恐不能见养。夫妻旧恩，故来相见告，君宜乞取我。",,,
beishi,adm,,sign,injury,1,,"未亡前，忽梦见征虏将军房世宝至其家听事，与其父坐，屏人密言。夬心惊惧，谓人曰：""世宝为官，少间必击我也。""寻有人至，云：""官呼郎""，随召即去，遣左右杖之二百，不胜楚痛，大叫。良久乃悟，流汗彻于寝具。至明，前京城太守赵卓诣之，见其衣湿，谓夬曰：""卿昨夜当大饮，溺衣如此。""夬乃具陈所梦。",,,
beishi,adm,,itpre,NA (non-predictive dreams),non-predictive,,"吾昨梦夜，有一骏马，无堪乘者，人曰'何由得人乘'，有一人曰'唯傅灵庆堪乘此马'；又有弓一张，亦无人堪引，人曰'唯有傅灵根可弯此弓'；又有数纸文书，人皆读不能解，人曰'唯有傅灵越能解此文。'""融谓其三子文武才干足以驾驭当世，常从容谓乡人曰：""汝闻之不？",yes,,
beishi,adm,,sign,career,1,,"休之在洛，将仕，夜梦见黄河北驿道上行，从东向西。道南有一冢，极高大。休之步登冢头，见一铜柱，趺为连花形。休之从西北登一柱础上，以手捉一柱，柱遂右转。休之咒曰：""柱转三匝，吾至三公""，柱遂三匝而止。休之寻寤，意如在邺城东南者，其梦竟验云。",,,
beishi,adm,,sign,politics,1,1,"因言：""殿下有非常骨法，孝徵梦殿下乘龙上天。""王谓曰：""若然，当使兄大富贵。""及即位，是为武成皇帝",,,
beishi,adm,,sign,war,1,,夜梦一人从葛荣索千牛刀，葛荣初不肯与，此人自称己是道武皇帝，葛荣乃奉刀，此人手持授荣。寤而喜。自知必胜,,,
beishi,king,adm,sign,politics,0,,"并言荣指陈留语状。帝既有图荣意，夜梦手持一刀自害，落十指节，都不觉痛。恶之，以告城阳王徽及杨侃。徽解梦曰：""蝮蛇螫手，壮士解腕。割指节与解腕何异？去患乃是吉祥",,,
beishi,adm,,itpre,war,1,,"边人梦神谓己曰：""尔朱家欲度河，用尔作灅波津令，为之缩水脉。""月余，梦者死。",yes,,
beishi,adm,,sign,disaster,1,,"奚氏惊，就视，而世隆寝如故。既觉，谓妻曰：""向梦人断我头持去，意殊不适。",,,
beishi,adm,,sign,pregnancy,1,,泰母梦风雷暴起，若有雨状。出庭观之，见电光夺目，驶雨沾洒。寤而惊汗，遂有娠,,,
beishi,adm,adm,sign,disaster,1,,"曰：""自公用事，相王每夜抱膝叹曰：'盲人用权，国必破矣""珽省事褚士达梦人倚户授其诗曰：""九升八合粟，角斗定非真，堰却津中水，将留何处人。""以告珽。珽占之曰：""角斗，斛字；津却水，何留人，合成律字；非真者，解斛律于我不实。""士达又言所梦状，乃其父形也。珽由是惧。",,,
beishi,family,adm,sign,disaster,-1,,"家人乞养忧之。又梦著枷锁，劝丰乐速奔突厥，羡不从。占其梦曰：""枷者加官，锁者锁锁吉利。""及光诛，敕中领军贺拔伏恩等十余人驰驿捕之，",,,
beishi,adm,adm,sign,location,1,,"自太中大夫拜幽州刺史。薛琡尝梦亮于山上挂丝，以告亮，且占之曰：""山上丝，幽字也，君其为幽州乎？""数月而验。累迁尚书右仆射、西南道行台。",,,
beishi,adm,adm,sign,miscellaneous,1,,"吾昨夜梦猎，遇一群豕，吾射，尽获之。独一大豕不可得，卿言当为吾取，须臾获豕而进。""至是，文襄笑曰：""梦验矣。""即解思政佩刀与彦深曰：""使卿常获此利。""",,,
beishi,adm,self interpret,sign,death,1,,"奇于《易》尤长，在狱尝自筮。卦未及成，乃揽破而叹曰：""吾不度来年冬季。""及奇受害，如其所占。奇初被召，夜梦星坠压脚。明而告人曰：""星则好风，星则好雨，梦星压脚，必无善征。但时命峻切，不敢不赴耳。""",,,
beishi,adm,,itpre,miscellaneous,1,,"昼夜尝梦贵人若吏部尚书者补交州兴俊令，寤而密书记之。卒后旬余，其家幼女鬼语，声似昼，云""我被用为兴俊县令，得假暂来辞别""云",,,
beishi,adm,adm,sign,career,1,,"其妻夜梦猛兽将来向之，敬德走超丛棘，妻伏地不敢动。敬德占曰：""吾当为大官。超棘，过几卿也；尔伏地，夫人也。",,,
beishi,adm,,itpre,illness,1,,如此经七日，其夜梦见一老翁，以金镵疗其祖目，于梦中喜跃，遂即惊觉。乃遍告家人。三日，祖目果明。,,,
beishi,adm,,itpre,illness,1,,夜中睡，梦有人授药，比寤而疮不痛。,,,
beishi,queen,,sign,pregnancy,1,,寝梦日出室内，寤而见光自牖属天，欻然有感。,,,
beishi,queen,,sign,pregnancy,1,1,初，梦为日所逐，避于床下。日化为龙，绕己数匝，寤而惊悸，遂有娠。,yes,,
beishi,king,,sign,politics,1,,又尝梦履众星而行，觉而内喜。,,,
beishi,king,,straight,death,1,,"谓人曰：""昨夜梦此奴斫我。""又曰：""急杀却。""京闻之，置刀于盘下，冒言进食。文襄见之，怒曰：""我未索食，何遽来？""京挥刀曰：""将杀汝！""文襄自投，伤足，入床下。贼党至，去床，因见弑，时年二十九。秘不发丧。",,,
beishi,queen,king,sign,pregnancy,1,1,"梦在堂内立，而日光自窗中照之，灼灼而热，后东西避之，光犹斜照不已。如是数夕，怪之，以白其父飏。飏以问辽东人闵宗。宗曰：""此奇征也。昔有梦月入怀，犹生天子，况日照之征",yes,,
beishi,queen,pro,itpre,pregnancy,1,,"初，瑞母尹氏有娠致伤，后昼寝，梦一老翁具衣冠告之曰：""吾赐汝一子，汝勿忧也。""寤而私喜，又问筮者，筮者曰：""大吉。""未几而生瑞。",,,
beishi,adm,,straight,ability,1,,至乃梦共鬼争义，遂得周公、孔子之要术。始知古人有虚有实，妄语者多，真正者少,,,
beishi,adm,adm,sign,disaster,1,,"夜梦以火爇顺寝室，火作而顺死。浩与室家群立观之。俄而顺弟息号哭而出，曰：""此辈吾贼也！""以戈击之，悉投于河。寤而以告馆客冯景仁，曰：""此真不善也。夫以火爇人，暴之极也。且兆始恶者有终殃，积不善者无余庆。厉阶成矣，公其图之。""浩曰：""吾方思之。""而不能悛，至是而族。",,,
beishi,adm,,itpre,miscellaneous,1,,"颖前妻刘氏亡后十五年，颖梦见之。拜曰：""新妇今被处分为高崇妻，故来辞君。""泫然涕流。颖且见崇，言之。崇后数日而卒。",,,
beishi,adm,,itpre,disaster,1,,"士逊昼卧如梦者，见游道怒己曰：""我与构恩义，汝岂不知？何共小人谋陷清直之士！""士逊惊跪曰：""不敢！不敢！""旬日而卒。",,,
beishi,adm,,straight,ability,1,,数年中，常梦两人时相教授；及寤，每有记识。,,,
beishi,adm,,itpre,pregnancy,1,,"贵母初孕贵，梦老人抱一子授之曰：""赐尔是子，俾寿且贵。""及生，形类所梦，故以永贵字之。",,,
beishi,adm,,itpre,career,1,,我昨梦汝登一楼，甚峻丽，吾以坐席与汝。汝后名宦必达，恨吾不及见耳。'吾向聊复昼寝，又梦将昔时坐席还以赐汝，汝之官位当复及吾。特宜勉励，以应嘉祥也,,,
beishi,adm,,sign,NA (non-predictive dreams),non-predictive,,梦日坠其所居黄山下水中，村人以车牛挽致不能出，英独抱载而归。闻者异之。,yes,,
beishi,adm,,person,NA (non-predictive dreams),non-predictive,,"强坐视帝，悲而泪不能下，言""梦太后来呼臣""。帝呜咽，执手而出",,,
beishi,queen,adm,sign,pregnancy,1,1,初文昭太后之怀宣武，梦为日所逐，化而为龙而绕后，后寤而惊悸，遂成心疾。文明太后敕徐謇及显等为后诊脉，謇云是微风入藏，宜进汤加针。显言案三部脉，非有心疾，将是怀孕生男之象,yes,,
beishi,adm,,itpre,disaster,1,,"俊夜梦其亡妃崔氏泣曰：""本来相迎，如闻许智藏将至。其人若到，当必相苦，为之奈何？""明夜，俊又梦崔氏曰：""妾得计矣，当入灵府中以避之。""及智藏至，为俊诊脉曰：""疾已入心，即当发痫，不可救也。""果如言，俊数日而薨。",,,
beishi,king,,sign,disaster,1,,"苌病，梦苻坚将天官使者、鬼兵数百，突入营中。苌惧，走后宫，宫人迎苌刺鬼，误中苌阴。鬼相谓曰：""正中死处。""拔矛，出血石余。寤而惊悸，遂患阴肿，刺之，出血如梦。苌乃狂言，或称苌，""杀陛下者臣兄襄，非臣之罪，愿不枉法。""苌死，子兴袭位，秘不发丧。",,,
beishi,king,,itpre,career,1,1,"梦人有从讳谓己曰：""汝当大贵，得二十五年。""永安三年，封平阳王。普泰中，为侍中、尚书左仆射。",,,
beishi,king,adm,sign,politics,1,,"既为王，梦人以笔点己额。旦日，以语馆客王昙哲，曰：""吾其退乎？""昙哲拜贺曰：""王上加点为主，当进也",,,
beishi,queen,king,sign,pregnancy,1,1,"帝，德皇帝之少子也。母曰王氏。初孕五月，夜梦抱子升天，才不至而止。寤，以告德皇帝。德皇帝喜曰：""虽不至天，贵亦极矣。",,,
beishi,king,pro,sign,disaster,-1,,"昔明元末，起白台，其高二十余丈。乐平王尝梦登其上，四望无所见。王以问日者董道秀。筮之，曰：""大吉""。王默而有喜色。后事发，王遂忧死，而道秀弃市。",,,
beishi,adm,,itpre,career,1,,"永安三年，追赠尚书令、司徒公，谥曰""文献""。初，弼尝梦人谓之曰：""君身不得传世封，其绍先爵者，君长子绍远也。""弼觉，即语晖业，终如其言。",,,
beishi,adm,,itpre,disaster,1,,"舍人李昭寻奉使向秦州，至潼关驿，夜梦树云：""我已诉天帝，待卿至陇，终不相放。""昭觉，恶之。及至陇口，为贺拔岳所杀。子鹄寻为达野拔所杀。",,,
beishi,adm,pro,sign,career,1,,"初，元忠将仕，梦手执炬入其父墓。中夜惊起，甚恶之。旦告其受业师，占云：""大吉，可谓光照先人也。""竟如其占。",,,
beishi,adm,,sign,disaster,1,,"裕曰：""坠井盖小小耳，方当逾于此也。""人问其故，裕曰：""近梦，恐有两楹之忧。""寻卒，文章之士诔之者数人。周文伤惜之，追赠洛州刺史。",,,
beishi,adm,pro,sign,disaster,0,,"康生于南山立佛图三层，先死，忽梦崩坏。沙门有为解云：""檀越当不吉利，无人供养佛图，故崩耳。""",,,
beishi,adm,,itpost,NA (non-predictive dreams),non-predictive,,"后夜忽梦一丈夫，衣冠甚伟，著绣衣曲领，向安祖再拜。安祖怪问之，此人云：""感君前日见放，故来谢德。""闻者异焉。",,,
beishi,adm,,itpre,miscellaneous,1,,我睡即梦岳语我'兄欲何处去？'随逐我不相置,,,
beishi,concubine,,sign,disaster,1,,初浟未被劫前，其妃郑氏梦人斩浟头持去，恶之。数日而浟见杀。,,,
beishi,adm,,sign,death,1,,"时绍宗数有凶梦，每恶之，私谓左右曰：""吾自数年已还，恒有蒜发，昨来忽尽。蒜者算也，其算尽乎！",,,
beishi,mother,,itpre,pregnancy,1,,"是夜，梦人衣冠有若仙者，谓曰：""夫人向所将来石，是浮磬之精。若能宝持，必生令子。""母惊寤，举身流汗。俄而有娠，",,,
beishi,king,,sign,pregnancy,1,1,初，文帝以开皇三年四月庚午，梦神自天而降，云是天神将生降。寤，召纳言苏威以告之。及闻萧妃在并州有娠，,,,
beishi,adm,,itpre,war,0,,"其年七月，子仲隐梦罗睺曰：""我明日当战。""其灵坐所有弓箭刀剑无故自动，若人带持之状。绛州城陷，是其日也。",,,
beishi,adm,,itpre,death,1,,妻先亡，遗言终不独死。未几，礼之脚上发肿，梦妻云，煮小麦渍之即差，如其言，反创而卒。,,,
nanshi,king,,itpre,death,1,,有一妇人不从命，斩之。经少时，夜梦游后堂，有一女子骂曰：「帝悖虐不道，明年 ... 及熟矣。」帝怒，于宫中求得似所梦者一人戮之。,,,
nanshi,queen,,itpre,NA (non-predictive dreams),non-predictive,1,帝梦太后谓曰：「汝不仁不孝，本无人君之相，子尚愚悖如此，亦非运祚所及。孝武险虐灭道，怨结人神，儿子虽多，并无天命；大命所归，应还文帝之子。」,,,
nanshi,king,,sign,NA (non-predictive dreams),non-predictive,1,　始帝年十七时，尝梦乘青龙上天，西行逐日。,yes,,
nanshi,adm,,sign,NA (non-predictive dreams),non-predictive,,"帝与奉伯同室卧，奉伯梦上乘龙上天，于下捉龙脚，不得。及觉，叙梦，因谓曰：""兖州当大庇生灵，而弟不得与也。""奉伯竟卒于宋世",,,
nanshi,adm,,itpre,politics,1,1,"又参军崔灵建梦天谓己：""萧道成是我第十九子，我去年已使授其天子位。",yes,,
nanshi,queen,,sign,pregnancy,1,,将产之夕，孝皇后、昭皇后并梦龙据屋，故小字上为龙儿。,,,
nanshi,king,,sign,politics,0,,年十三，梦人以笔画身左右为两翅，又著孔雀羽衣裳空中飞，举体生毛，发长至足。,,,
nanshi,adm,,sign,NA (non-predictive dreams),non-predictive,,"""我梦与晋安王对奕扰道，我以班剑授之，王还，当有此加乎？",,,
nanshi,king,adm,sign,war,1,,"又曰：""吾昨梦吞土，试思之。""不害曰：""昔重耳馈块，卒反晋国，陛下所梦，将符是乎？""帝曰：""傥幽冥有征，冀斯言不妄。",,,
nanshi,king,,itpre,pregnancy,1,,初，武帝梦眇目僧执香炉，称托生王宫。,,,
nanshi,mother,,sign,pregnancy,1,1,武帝意感幸之。采女梦月堕怀中，遂孕,,,
nanshi,king,,itpre,politics,1,,"始在寻阳，梦人曰：""天下将乱，王必维之。",,,
nanshi,adm,,sign,politics,1,,"江革告之曰：""吾尝梦主上遍见诸子，至湘东王，脱帽授之。此人后必当璧，卿其行乎。""",,,
nanshi,king,,sign,politics,1,1,梦天开数丈，有四人朱衣，捧日而至，纳之帝口，及觉，腹内犹热，,yes,,
nanshi,adm,,sign,NA (non-predictive dreams),non-predictive,,军人杜棱梦雷池君、周、何神，自称征讨大将军，,,,
nanshi,king,,sign,politics,1,,，帝梦两日斗，一大一小，大者光灭坠地，色正黄，其大如斗，帝三分取一怀之。,,,
nanshi,king,,sign,politics,1,,武帝受禅，立为临川王。梦梁武帝以宝刀授己。,,,
nanshi,adm,,itpre,illness,1,,点少时尝患渴利，积岁不愈。后在吴中石佛寺建讲，于讲所昼寝，梦一道人，形貌非常，授丸一掬，梦中服之，自此而差，时人以为淳德所感。,,,medicine
nanshi,adm,,itpre,death,1,,"先是胤疾，妻江氏梦神告曰：""汝夫寿尽，既有至德，应获延期，尔当代之。""妻觉说焉，俄得患而卒，胤疾乃瘳。",,,
nanshi,king,adm,person,NA (non-predictive dreams),non-predictive,,"帝尝梦具朝服入太庙拜伏悲感，旦于延务殿说所梦。敬容对曰：""臣闻孝悌之至，通于神明。陛下性与天通，故应感斯梦。""",,,
nanshi,adm,pro,sign,career,1,,"初，庆之尝梦引卤簿入厕中，庆之甚恶入厕之鄙。时有善占梦者为解之曰：""君必大富贵，然未在旦夕。""问其故，答云""卤簿固是富贵，容厕中所谓后帝也。知君富贵不在今主。""及中兴之功，自五校至是而登三事。",,,
nanshi,adm,,sign,death,1,,"庆之梦有人以两疋绢与之，谓曰：""此绢足度。""寤而谓人曰：""老子今年不免矣。两疋，八十尺也，足度，无盈余矣。",,,
nanshi,adm,,itpre,miscellaneous,1,,至六岁，遂梦见一女人，云是其母。铿悲泣向旧左右说容貌衣服事，皆如平生，闻者莫不歔欷。,,,
nanshi,adm,,itpost,miscellaneous,1,,"后弘景隐山，忽梦铿来，惨然言别，云：""某日命过无罪，后三年当生某家。""弘景访以幽中事，多秘不出。觉后，即遣信出都参访，果与事符",,,
nanshi,adm,,sign,NA (non-predictive dreams),non-predictive,,敬则年长，而两腋下生乳，各长数寸。梦骑五色狮子。性倜傥不羁，,,,
nanshi,adm,,sign,NA (non-predictive dreams),non-predictive,,"初征荆州，每见诸将帅，不遑有余计，唯叙梦云：""未贵时，梦居村中，社树欻高数十丈。及在雍州，又梦社树直上至天。""以此诱说部曲，自云贵不可言。",,,manipulative dreams
nanshi,adm,,sign,disaster,-1,,"""吾昔梦一手热如火，而君得南阳郡；元徽中，梦一髀热如火，君得本州；建元中，梦半体热，寻得开府；今复举体热矣。""以告所亲，言其妻初梦次梦，又言""今举体热矣""。",yes,,
nanshi,mother,,sign,pregnancy,1,,始其母于田中卧，梦犬子有角舐之，已而有娠而生敬儿,,,
nanshi,king,,sign,war,1,,"，高帝在淮阴，伯玉假还广陵，梦上广陵城南楼，上有二青衣小儿语伯玉云：""草中肃，九五相追逐。""伯玉视城下人头皆有草。泰始七年，又梦高帝乘船在广陵北渚，两腋下有翅不舒。伯玉问何当舒，帝曰：""却后三年。""伯玉梦中自谓是咒师，凡六唾咒之，有六龙出，两腋下翅皆舒，还复敛。元徽二年，而高帝破桂阳，威名大震，五年而废苍梧，谓伯玉曰：""卿梦今且效矣",,,
nanshi,king,,person,miscellaneous,1,,"及综年十四五，恒梦一年少肥壮，自挈其首对综，如此非一，综转成长，心惊不已。频密问淑媛曰：""梦何所如？""梦既不一，淑媛问梦中形色，颇类东昏。因密报之曰：""汝七月日生儿，安得比诸皇子？汝今太子次弟，幸保富贵勿泄",,,
nanshi,adm,,sign,injury,0,,梦齐和帝剑断其舌，召巫视之，巫言如梦。,,,
nanshi,adm,,sign,NA (non-predictive dreams),non-predictive,,"""昔太宰文宣王语臣，言尝梦在一高山上，上有一深阬，见文惠太子先坠，次武帝，次文宣。望见仆射在室坐御床，备王者羽仪，不知此是何梦，卿慎勿向人道。",,,
nanshi,king,,sign,NA (non-predictive dreams),non-predictive,,布衣时，尝梦拜两旧妾为六宫，有天下，此妪已卒，所拜非复其人，恒以为恨。,,,
nanshi,king,,straight,war,1,1,"初，武帝梦中原尽平，举朝称庆，甚悦，以语异曰：""吾生平少梦，梦必有实。""异曰：""此宇内方一之征。",,,
nanshi,mother,,sign,pregnancy,1,,陵，字孝穆。母臧氏，尝梦五色云化为凤，集左肩上，已而诞陵,,,
nanshi,adm,,sign,death,1,,初，泉梦著朱衣行水上，及死，举身带血而沉于江，如其梦,,,
nanshi,adm,,itpre,war,1,,"尔夜，子春梦见人通名诣子春云：""有人见苦，破坏宅舍。既无所托，钦君厚德，欲憩此境。""子春心密记之。经二日而知之，甚惊，以为前所梦神。因办牲醑请召，安置一处。数日，复梦一朱衣人相闻，辞谢云：""得君厚惠，当以一州相报。""子春心喜，供事弥勤。经月余，魏欲袭朐山，间谍前知，子春设伏摧破之，诏授南青州刺史，",,,
nanshi,mother,,sign,pregnancy,1,1,初在孕，其母梦生儿，有人以金席藉之，其色光丽,yes,,
nanshi,adm,,straight,location,1,,梦神赐之弓，乘贾人船入海。混填晨起即诣庙，于神树下得弓，便依梦乘舶入海，,yes,,
nanshi,adm,,itpre,location,1,,"五人尝一夜俱梦见像曰：""已出江东，为高悝所得。""悝乃送此五僧至寺，",,yes,
nanshi,king,,itpre,miscellaneous,1,,"其王瞿昙修跋陀罗以四月八日梦一僧谓曰：""中国今有圣主，十年之后，佛法大兴。汝若遣使贡奉礼敬，则土地丰乐，商旅百倍；若不信，我则境土不得自安。""初未之信，既而又梦此僧曰：""汝若不信我，当与汝往观。""乃于梦中至中国拜觐天子。",,,
nanshi,adm,,straight,politics,0,,夜梦豫章太守刘愔反，遣就郡杀之。,,,
nanshi,king,,sign,career,1,1,"初，帝之生夕，明帝梦人乘马，马无头及后足，有人曰：""太子也。",,,
nanshi,king,,sign,politics,1,1,"初，齐高帝梦屐而登殿，顾见武、明二帝后，一人手张天地图而不识，问之，答曰：""顺子后。""及崔慧景之逼，长沙宣武王入援，至越城，梦乘马飞半天而坠，帝所驭化为赤龙，",,,
nanshi,king,,sign,disaster,1,,后主又梦黄衣围城，乃尽去绕城桔树。又见大蛇中分，首尾各走。,,,
nanshi,adm,,itpre,NA (non-predictive dreams),non-predictive,,"德教学士沈君道梦殿前长人，朱衣武冠，头出栏上，攘臂怒曰：""那忽受叛萧误人事！""后主闻之，忌二萧，故远散其众，",,,
nanshi,king,,straight,politics,1,,"梦有人自天而下，导从数十，至太极殿前，北面执玉策金字曰：""陈氏五帝三十二年。",,,
nanshi,concubine,,straight,ability,1,,乳人乏乳，后梦人以两瓯麻粥与之，觉而乳惊，因此丰足,yes,,
nanshi,concubine,,sign,pregnancy,1,1,"后母桓氏，梦吞玉胜生后，时有紫光满室，以告寿之。寿之曰：""恨非是男。""桓笑曰：""虽女亦足兴家矣",yes,,
nanshi,adm,,sign,miscellaneous,1,,年十七，裴方明为子求婚，酬许已定，后梦见先有迎车至，犹如常家迎法，后不肯去；次有迎至，龙旗豹尾，有异于常，后喜而从之。既而与裴氏不成婚，竟嫔于上。,,,
nanshi,mother,,sign,pregnancy,1,1,后母宋文帝女寻阳公主也，方娠，梦当生贵子。及后生，,,,
nanshi,queen,,itpost,miscellaneous,1,,后酷妒忌。及终，化为龙入于后宫井，通梦于帝,,,
nanshi,queen,,sign,pregnancy,1,1,为武帝采女。在孕，梦龙罩其床。,,,
nanshi,adm,,sign,NA (non-predictive dreams),non-predictive,,尝梦与宋武帝泛海遇大风，惊俯视船下，见二白龙挟船,,,
nanshi,adm,,itpre,disaster,1,,"初在率府，昼卧斋北壁下，梦两童子遽云：""移公床。""孝嗣惊起，闻壁有声，行数步而壁崩压床。建武四年，即本号开府仪同三司，让不受。",yes,,
nanshi,adm,,itpre,illness,1,,"夜梦一僧云：""患眼者饮慧眼水必差。""及觉说之，莫能解者",,,
nanshi,king,,sign,miscellaneous,1,,初，武帝梦金翅鸟下殿庭，搏食小龙无数，乃飞上天。及明帝初，其梦方验,,,
nanshi,adm,,itpre,illness,1,,"灵哲所生母尝病，灵哲躬自祈祷，梦见黄衣老公与药曰：""可取此食之，疾立可愈。""灵哲惊觉，于枕间得之，如言而疾愈。",yes,,
nanshi,adm,,itpre,illness,1,,"不拜。母明氏寝疾，霁年已五十，衣不解带者七旬，诵《观世音经》数万遍。夜中感梦，见一僧谓曰：""夫人算尽，君精诚笃志，当相为申延。""后六十余日乃亡",,,
nanshi,mother,,straight,illness,1,,母每疾病，梦歊进药，及翌日转有间效，其诚感如此,,,
nanshi,adm,,straight,NA (non-predictive dreams),non-predictive,,多暴露骸骨，秀于黄鹤楼下祭而埋之。一夜梦数百人拜谢而去。,,,dream responding to reality
nanshi,adm,,straight,illness,1,,所生费太妃犹停都。后于都不豫，恢未之知，一夜忽梦还侍疾。及觉，忧惶废寝食。俄而都信至，太妃已瘳,,,
nanshi,adm,,straight,career,0,,梦改封中山王，策授如他日，意颇恶之，数旬而卒,,,
nanshi,adm,,sign,NA (non-predictive dreams),non-predictive,,文明又尝梦乘马至云龙门，心惑其梦，遂作乱,,,
nanshi,adm,,itpre,miscellaneous,1,,"梦有僧谓曰：""将修胜业，岭南原即可营造。""明往履历，果见标度处所，有若人功，",,,
nanshi,adm,,sign,ability,1,,"夜梦一人自称张景阳，谓曰：""前以一匹锦相寄，今可见还。""淹探怀中得数尺与之，此人大恚曰：""那得割截都尽。""顾见丘迟谓曰：""余此数尺既无所用，以遗君",,,
nanshi,adm,,sign,ability,1,,"又尝宿于冶亭，梦一丈夫自称郭璞，谓淹曰：""吾有笔在卿处多年，可以见还。""淹乃探怀中得五色笔一以授之。尔后为诗绝无美句，时人谓之才尽。",,,
nanshi,mother,pro,sign,pregnancy,1,,"梦有五色采旗盖四角悬铃，自天而坠，其一铃落入怀中，心悸因而有娠。占者曰：""必生才子。",,,
nanshi,mother,,sign,pregnancy,1,,弘景母郝氏，梦两天人手执香炉来至其所，已而有娠,,,
nanshi,adm,,sign,NA (non-predictive dreams),non-predictive,,曾梦佛授其菩提记云，名为胜力菩萨,,,
nanshi,mother,,sign,miscellaneous,1,,弘景母梦青龙无尾，自己升天，弘景果不妻无子。,,,
nanshi,king,,straight,politics,0,,我昨梦天下太平，尔其识之,,,
nanshi,adm,,sign,disaster,1,,"先是简文梦有人画作秦始皇，云""此人复焚书""，至是而验",,,
nanshi,adm,,sign,NA (non-predictive dreams),non-predictive,,后齐文宣梦猕猴坐御床，乃并煮景子于镬，其子之在北者歼焉。,,,
nanshi,adm,,sign,politics,1,,"太医令朱耽尝直禁省，无何梦犬羊各一在御坐，觉而告人曰：""犬羊非佳物也，今据御座，将有变乎？""既而天子蒙尘，景登正殿焉",,,
nanshi,mother,,sign,pregnancy,1,1,初，皇妣张氏尝梦抱日，已而有娠，遂产帝。帝生而有异光，状貌殊特，,,,
nanshi,adm,,itpre,illness,1,,"眠中梦人告之曰：""官须发为槊毦。""既觉已失髻矣，如此者数十人。诞甚怪惧",,,
nanshi,adm,,itpre,disaster,1,,"梦人告曰：""诵《观世音》千遍则免。""玄谟梦中曰：""何可竟也。""仍见授，既觉诵之，且得千遍。明日将刑，",yes,,
nanshi,adm,,straight,career,1,,"乃谓曰：""我梦应得官。""彦回曰：""今授始尔，恐一二年间未容便移。且吉梦未必便在旦夕。""帝还告俭",,,
nanshi,adm,,person,NA (non-predictive dreams),non-predictive,,溉尝梦武帝遍见诸子，至湘东而脱帽与之，于是密敬事焉,,,
nanshi,adm,,sign,NA (non-predictive dreams),non-predictive,,其母梦怀镜，及生，因以名焉,,,
nanshi,adm,,sign,politics,1,1,废帝即位，愍孙在郡，梦日堕其胸上，,,,
nanshi,adm,,itpre,disaster,1,,"梦见父容色如平生，与母语曰：""愍孙无忧，将为国家器，不患沉没。但恐富贵，终当倾灭耳。""母未尝言及。粲贵重，恒惧倾灭，乃以告之",,,
nanshi,adm,,person,miscellaneous,1,,父夜梦见其容，且召视如梦，俄而疾间，以为至孝所感。,,,
nanshi,adm,,itpre,career,1,,"吾昔梦太尉以褥席见赐，吾遂亚台司，适又梦以吾褥席与汝，汝必光我门族。""至是庆远亦继世隆焉。",,,
nanshi,adm,,sign,politics,0,,"陕，至臼口，梦仰视天，见天门开，谓左右曰：""汝等见天门开不？""至是叹曰：""梦天门开，乃中兴之象邪？",,,
nanshi,king,,itpost,miscellaneous,1,,"帝忽梦如田塍下行，两边水深无底，梦中甚惧。忽见武来负，武帝得过，曰：""卿今为天下主，乃尔忘我顾托之言邪？我儿饥寒无衣，昔所换十七万，可还其市宅。""",,,
nanshi,king,,itpre,injury,1,,"忽梦前太守袁彖谓曰：""卿后当为折臂太守，即居此中。""之遴后牛奔堕车折臂，右手偏直，不复得屈伸，书则以手就笔，叹曰：""岂黥而王乎？""周舍尝戏之曰",,,
nanshi,adm,,sign,miscellaneous,1,,，梦钟磬在格，无故自坠，心恶之。及觉，命奏乐，既成列，钟磬在格，果无故编皆绝坠地,,,
nanshi,adm,self interpret,sign,career,1,,"始士瞻梦得一积鹿皮，从而数之，有十一领。及觉，喜曰：""鹿者禄也，吾当居十一禄乎？""自其仕进所莅已久，及除二郡，心恶之，遇疾不肯疗。",,,
nanshi,adm,,itpre,war,1,,"军人多梦周、何二庙神云：""吾已助天子讨贼。""自称征讨大将军，并乘朱航。俄而反曰：""已杀景。""同梦者数十百焉。",,yes,
nanshi,adm,,sign,miscellaneous,0,,"梦坐屋染柱上，仰见天中有字曰""范氏宅""。至是瑀为帝说之，帝曰：""云得不死，此梦可验。""",,,
nanshi,adm,self interpret,sign,war,1,,"寻梦丸土服之，觉而喜曰：""丸者，桓也。桓吞，吾当复本土乎""？",yes,,
nanshi,adm,self interpret,sign,war,0,,"梦行宣阳门道上，顾望皆丘陵。觊寤，私告人曰：""丘陵者，弗平，建康其殆难克。""",,,
nanshi,adm,,sign,death,1,,彦回少时尝笃病，梦人以卜蓍一具与之，遂差其一，至是年四十八矣，岁初便寝疾。,,,
nanshi,adm,,sign,war,1,,未败之夕，城内皆梦群蛇缘城四出，各共说之，咸以为异。台军入城，焚屋宇且尽。,,yes,
nanshi,king,,sign,NA (non-predictive dreams),non-predictive,,帝尝梦骑马登山，路危欲堕，子高推捧而升,,,
nanshi,adm,,sign,ability,1,,"尝梦与皇侃遇于途，侃谓曰：""郑郎开口。""侃因唾灼口中，自后义理益进。",,,
nanshi,adm,,itpre,location,1,,"岁余，忽梦见母曰：""死止是分别耳，何事乃尔荼苦。汝啖生菜，遇虾蟆毒，灵床前有三丸药可取服之",,,
nanshi,adm,,sign,disaster,1,,入境夜梦不祥，旦便投列驰归。及至，号恸呕血，气绝久之，水浆不入口。每哭，眼耳口鼻皆血流，经月余日，因夜临而卒,,,
nanshi,adm,,person,NA (non-predictive dreams),non-predictive,,至祥禫，暮梦见其父，恸哭而绝,,,
nanshi,adm,king,sign,NA (non-predictive dreams),non-predictive,,"僧真梦蒿艾生满江，惊而白之。高帝曰：""诗人采萧，萧即艾也。萧生断流，卿勿广言",,,
liangshu,king,adm,sign,war,1,,"帝谓舍人殷不害曰：""吾昨夜梦吞土，卿试为我思之。""不害曰：""昔重耳馈块，卒还晋国。陛下所梦，得符是乎。",yes,,
liangshu,adm,,itpre,politics,1,,"。在寻阳，梦人曰：""天下将乱，王必维之",,,
liangshu,king,,person,politics,1,,吾尝梦主上遍见诸子，至湘东王，手脱帽授之。此人后必当璧，卿其,,,
liangshu,adm,,sign,disaster,1,,"梦钟磬在格，无故自堕，心恶之。及觉，命奏乐。既成列，钟磬在格，果无故编皆绝，堕地。茂谓长史江诠曰：""此乐，天子所以惠劳臣也。乐既极矣，能无忧乎！""俄而病，少日卒。",yes,,
liangshu,adm,,sign,career,1,,"吾昔梦太尉以褥席见赐，吾遂亚台司，适又梦以吾褥席与汝，汝必光我公族。""至是，庆远亦继世隆焉。",yes,,
liangshu,adm,,sign,miscellaneous,1,,因病，梦齐和帝以剑断其舌。召巫视之，巫言如梦,yes,,
liangshu,adm,,itpost,NA (non-predictive dreams),non-predictive,,秀祭而埋之。一夜，梦数百人拜谢而去,yes,,dream corresponding to reality
liangshu,adm,,sign,illness,1,,一夜忽梦还侍疾，既觉忧遑，便废寝食。俄而都信至，太妃已瘳。,yes,,
liangshu,adm,,sign,NA (non-predictive dreams),non-predictive,,梦改封中山王，策授如他日，意颇恶之，数旬而卒,,,
liangshu,commoner,,sign,disaster,1,,"郡内人夜梦见兵马铠甲甚盛，又闻有人云""当避善人""，军众相与腾虚而逝。梦者惊起。俄而疾风暴雨，倏忽便至，数间屋俱倒，即梦者所见军马践蹈之所也。",,,
liangshu,adm,,itpre,miscellaneous,1,,"其友人梦泉得罪于世祖，觉而告之。后未旬，果见囚执。顷之，又梦泉著朱衣而行水上，又告泉曰：""君勿忧，寻得免矣。""因说其梦，泉密记之，俄而复见任，皆如其梦",,,
liangshu,king,,straight,war,1,1,"高祖梦中原平，举朝称庆，旦以语异，异对曰：""此宇内方一之征。""",yes,,
liangshu,adm,,itpre,illness,1,,"。夜梦一僧云：""患眼者，饮慧眼水必差。",yes,,
liangshu,adm,,itpre,illness,1,,"夜因感梦，见一僧谓曰：""夫人算尽，君精诚笃至，当相为申延。""后六十余日乃亡",yes,,
liangshu,adm,,sign,disaster,1,,尔夕梦不祥，旦便投劾驰归。既至，号恸呕血，气绝久之，水浆不入口,,,
liangshu,adm,,straight,illness,1,,于讲所昼寝，梦一道人形貌非常，授丸一掬，梦中服之，自此而差，,,,
liangshu,wife,,itpre,illness,1,,"妻江氏梦神人告之曰：""汝夫寿尽。既有至德，应获延期，尔当代之。""妻觉说焉，俄得患而卒，胤疾乃瘳",yes,,
liangshu,adm,,itpre,illness,1,,至是胤梦一神女并八十许人，并衣帢，行列至前，俱拜床下，觉又见之，便命营凶具。既而疾动，因不自治。,,,
liangshu,mother,,sign,pregnancy,1,,初，母梦青龙自怀而出，并见两天人手执香炉来至其所，已而有娠，遂产弘景,yes,,
liangshu,adm,,person,NA (non-predictive dreams),non-predictive,,梦佛授其菩提记，名为胜力菩萨,yes,,
liangshu,adm,,sign,miscellaneous,0,,"尝就云宿，梦坐屋梁柱上，仰见天中有字曰""范氏宅""。至是，瑀为高祖说之。高祖曰：""云得不死，此梦可验",yes,,
liangshu,adm,,straight,location,1,,梦神赐之弓，乘贾人舶入海。混填晨起即诣庙，于神树下得弓，便依梦乘船入海,yes,,
liangshu,adm,,itpre,location,1,,"五人尝一夜俱梦见像曰：""已出江东，为高悝所得。",yes,yes,
liangshu,king,,itpre,miscellaneous,1,,"其王瞿昙修跋瑽罗以四月八日梦见一僧，谓之曰：""中国今有圣主，十年之后，佛法大兴。",yes,,
liangshu,mother,,sign,pregnancy,1,,，梦当生贵子。及生后，有赤光照于室内，器物尽明，家人皆怪之。巫言此女光采异常，将有所妨，,yes,,
liangshu,mother,,sign,pregnancy,1,,梦有彩旗盖四角悬铃，自天而坠，其一铃落入裴怀中，心悸动，既而有娠，生昉。身长七尺五寸。,,,
liangshu,adm,,itpre,injury,1,,"忽梦前太守袁彖谓曰：""卿后当为折臂太守，即居此中。""之遴后果损臂，遂临此郡。丁",yes,,
zhoushu,queen,,sign,pregnancy,1,1,"母曰王氏，孕五月，夜梦抱子升天，才不至而止。寤而告德皇帝，德皇帝喜曰：""虽不至天，贵亦极矣。",yes,,
zhoushu,adm,,itpre,miscellaneous,1,,"梦见一白衣人来，执武手曰：""快辛若，甚相嘉尚。""武遂惊觉，益用祗肃。至旦，云雾四起，俄而澍雨，远近沾洽。",,,
zhoushu,adm,,itpre,pregnancy,1,,"贵母初孕贵，梦有老人抱一儿授之曰：""赐尔是子，俾寿且贵。""及生，形类所梦，故以永贵字之。",yes,,
zhoushu,adm,,itpre,pregnancy,1,,"是夜梦一人，衣冠有若仙者，谓其母曰：""夫人向所将来之石，是浮磬之精。若能宝持，必生令子。""其母惊寤，便举身流汗，俄而有",yes,,
zhoushu,adm,,itpre,career,0,,"尝语吾云：'我昨梦汝登一楼，楼甚峻丽，吾以坐席与汝。汝后名宦必达，恨吾不及见耳。'吾向聊复昼寝，又梦将昔时座席还以赐汝。汝之官位，当复及吾。特宜勉励，以应嘉祥也。""",,,
zhoushu,adm,,itpre,illness,1,,"其夜，梦见一老公，以金鎞治其祖目。谓元曰：""勿忧悲也，三日之后，汝祖目必差。""元于梦中喜跃，遂即惊觉，乃遍告家人。居三日，祖果目明",yes,,
beiqishu,king,,sign,miscellaneous,0,,又尝梦履众星而行，觉而内喜,yes,,
beiqishu,king,,straight,disaster,1,,"谓诸人曰：""昨夜梦此奴斫我，宜杀却。""京闻之，置刀于盘，冒言进食。王怒曰：""我未索食，尔何据来！""京挥刀曰：""来将杀汝！""王自投伤足，入于床下",yes,,
beiqishu,adm,adm,sign,career,1,,"既为王，梦人以笔点己额。旦以告馆客王昙哲曰：""吾其退乎？""昙哲再拜贺曰：""王上加点，便成主字，乃当进也。",yes,,
beiqishu,king,,person,NA (non-predictive dreams),non-predictive,,又有神见于后园万寿堂前山穴中，其体壮大，不辩其面，两齿绝白，长出于唇，帝直宿嫔御已下七百人咸见焉。帝又梦之,,,
beiqishu,mother,,sign,pregnancy,1,1,母曰胡皇后，梦于海上坐玉盆，日入裙下，遂有娠,yes,,
beiqishu,adm,,sign,disaster,1,,武成梦大蝟攻破邺城，故索境内膏以绝之。,yes,,
beiqishu,queen,,sign,pregnancy,1,1,太后凡孕六男二女，皆感梦：孕文襄则梦一断龙；孕文宣则梦大龙，首尾属天地，张口动目，势状惊人；孕孝昭则梦蠕龙于地；孕武成则梦龙浴于海；孕魏二后并梦月入怀；孕襄城、博陵二王梦鼠入衣下。,yes,,
beiqishu,concubine,,straight,disaster,1,,初浟未被劫前，其妃郑氏梦人斩浟头持去，恶之，数日而浟见杀。,yes,,
beiqishu,mother,,sign,pregnancy,1,,初，泰母梦风雷暴起，若有雨状，出庭观之，见电光夺目，驶雨沾洒，寤而惊汗，遂有娠。,yes,,
beiqishu,adm,self interpret,sign,death,1,,"时绍宗频有凶梦，意每恶之。乃私谓左右曰：""吾自年二十已还，恒有蒜发，昨来蒜发忽然自尽。以理推之，蒜者算也，吾算将尽乎？""未几，与丰临堰，见北有尘气，乃入舰同坐。暴风从东北来，远近晦冥，舟缆断，飘舰径向敌城。绍宗自度不免，遂投水而死，时年四十九",,,
beiqishu,adm,pro,sign,career,1,,"初，元忠将仕，梦手执炬火入其父墓，中夜惊起，甚恶之。旦告其受业师，占云：""大吉，此谓光照先人，终致贵达矣。""子搔嗣。",yes,,
beiqishu,adm,adm,sign,career,1,,"。薛琡尝梦亮于山上持丝，以告亮，且占之曰：""山上丝，幽字也。君其为幽州乎？",,,
beiqishu,adm,,itpre,career,1,,"初，弼尝梦人谓之曰：""君身不得传世封，其绍先爵者，君长子绍远也。""弼觉，即告晖业，终如其言。",yes,,
beiqishu,adm,,straight,NA (non-predictive dreams),non-predictive,,云尝梦人弹琴，寤而写得。,yes,,
beiqishu,adm,,sign,miscellaneous,1,,"，文襄谓彦深曰：""吾昨夜梦猎，遇一群豕，吾射尽获之，独一大豕不可得。卿言当为吾取须臾获豕而进。""至是，文襄笑曰：""梦验矣。""",yes,,
beiqishu,adm,,sign,politics,1,1,"因言""殿下有非常骨法，孝征梦殿下乘龙上天""。王谓曰：""若然，当使兄大富贵。""及即位，是为武成皇帝，擢拜中书侍郎",yes,,
beiqishu,wife,adm,sign,career,1,,"其妻梦猛兽将来向之，敬德走超丛棘，妻伏地不敢动。敬德占之曰：""吾当得大官。超棘，过九卿也。尔伏地，夫人也。""",,,
beiqishu,adm,,itpre,disaster,1,,"士逊昼卧如梦者，见游道怒己曰：""我与构恩义，汝岂不知，何共小人谋陷清直之士！""士逊惊跪曰：""不敢，不敢。""旬日而卒。",yes,,
chenshu,king,,sign,career,1,1,馆于许氏，夜梦天开数丈，有四人朱衣捧日而至，令高祖开口纳焉。及觉，腹中犹热，高祖心独负之。,yes,,
chenshu,king,,sign,politics,1,,梁太清初，梦两日斗，一大一小，大者光灭坠地，色正黄，其大如斗，世祖因三分取一而怀之。,yes,,
chenshu,king,,person,NA (non-predictive dreams),non-predictive,,"初，世祖尝梦昭达升于台铉，及旦，以梦告之。至是侍宴，世祖顾诏达曰：""卿忆梦不？何以偿梦？",,,
chenshu,adm,,sign,miscellaneous,1,,"其夜炯梦见有宫禁之所，兵卫甚严，炯便以情事陈诉，闻有人言：""甚不惜放卿还，几时可至。""少日，便与王克等并获东归",,,
chenshu,king,,sign,NA (non-predictive dreams),non-predictive,,文帝尝梦见骑马登山，路危欲堕，子高推捧而升。,yes,,
chenshu,mother,,sign,pregnancy,1,,母臧氏，尝梦五色云化而为凤，集左肩上，已而诞陵焉。,yes,,
chenshu,adm,,sign,politics,1,,"简文夜梦吞一块土，意甚不悦，以告不害，不害曰：""昔晋文公出奔，野人遗之块，卒反晋国，陛下此梦，事符是乎？""简文曰：""若天有徵，冀斯言不妄。""",yes,,
chenshu,adm,,straight,ability,1,,"少时尝梦与皇侃遇于途，侃谓灼曰""郑郎开口""，侃因唾灼口中，自后义理逾进。灼家贫，",yes,,
suishu,king,,straight,disaster,1,,"帝惧，遂无还心。帝复梦二竖子歌曰：""住亦死，去亦死。未若乘船渡江水。""由是筑宫丹阳，将居焉。功未就而帝被杀。",,,
suishu,king,,sign,disaster,1,,简文帝梦丸土而吞之。寻为侯景所废，,yes,,
suishu,king,,sign,disaster,1,,陈后主时，梦黄衣人围城。后主恶之，绕城橘树，尽伐去之。隋高祖受禅之后，上下通服黄衣。未几隋师攻围之应也。,yes,,
suishu,king,adm,sign,miscellaneous,1,,后汉明帝夜梦金人飞行殿庭，以问于朝，而傅毅以佛对。帝遣郎中蔡愔及秦景使天竺求之，得佛经四十二章及释迦立像。,yes,,
suishu,king,,sign,pregnancy,1,1,"昔邑姜方娠，梦帝谓己：""余命而子曰虞，将与之唐，而蕃育其子孙。""及生，有文在其手曰""虞""，遂以命之",yes,,
suishu,adm,,sign,war,1,,"子仲隐梦见罗睺曰：""我明日当战。""其灵坐所有弓箭刀剑，无故自动，若人带持之状。绛州城陷，是其日也。",yes,,
suishu,king,adm,sign,disaster,-1,,"上然其言。其后上梦欲上高山而不能得，崔彭捧脚，李盛扶肘得上，因谓彭曰：""死生当与尔俱。""劭曰：""此梦大吉。上高山者，明高崇大安，永如山也。彭犹彭祖，李犹李老，二人扶侍，实为长寿之徵。""上闻之，喜见容色。其年，上崩。未几，崔彭亦卒。",yes,,
suishu,adm,,straight,illness,1,,夜中因睡，梦有人授药，比寤而创不痛，时人以为孝感。,yes,,
suishu,adm,,itpre,miscellaneous,1,,"俊夜中梦其亡妃崔氏泣曰：""本来相迎，比闻许智藏将至，其人若到，当必相苦，为之奈何？""明夜，俊又梦崔氏曰：""妾得计矣，当入灵府中以避之。""及智藏至",yes,,
suishu,adm,,sign,war,non-predictive,,恐人不一，乃假托鬼神，言梦见周公，乃立祠于洛水之上，遣巫宣言周公欲令仆射急讨李密，当有大功，不则兵皆疫死。,yes,,
jiutangshu,king,,sign,career,1,1,"常梦乘龙升天，言之于郑后，乃曰L：""此不宜人知者，幸勿复言。""",,,
jiutangshu,king,,straight,location,1,,至闰四月，玄宗梦京师城南山趾有天尊之像，求得之于盩厔楼观之侧。,,,
jiutangshu,king,,sign,miscellaneous,0,1,"太子于曲室躬自煮药，醺然似寐，梦神人覆鼎。既寤如梦，如是者三。太子异之，告说。说曰：""天命也，无宜他虑。""既而太平诛，后果生肃宗。",,,
jiutangshu,adm,pro,sign,career,1,,"后弟光梦车中载日月，光芒烛六合，占者曰：""必暴贵。""月余，武宗崩，宣宗即位，光以元舅之尊，检校户部尚书、诸卫将军，出为平卢节度使。后大中末崩，谥曰孝明。",,,
jiutangshu,adm,,itpre,career,1,,"""穷困至此，敢修诚谒，神之有灵，鉴其运命。若富贵可期，当降吉梦。""再拜而去。夜梦白头翁谓寂曰：""卿年三十已后方可得志，终当位极人臣耳",,,
jiutangshu,king,,person,NA (non-predictive dreams),non-predictive,,后数岁，太宗夜梦见之，有若平生,,,
jiutangshu,adm,pro,sign,disaster,1,,"行至荆州，梦于讲堂照镜，曰：""镜者明象，吾当为人主所明也。""以告占梦人张由，对曰：""讲堂者，受法之所；镜者，于文为'立见金'，此非吉征。""其日追使至，缢于驿中，时年四十三。",,,
jiutangshu,king,,person,NA (non-predictive dreams),non-predictive,,肃宗、张后俱梦佋有如平昔，拜辞流涕而去,,yes,
jiutangshu,adm,self interpret,sign,disaster,1,,"又尝梦人告曰：""尔改名毕",,,
jiutangshu,adm,self interpret,sign,death,1,,"俄又梦书行纸曰：""皎皎白驹，在彼空谷。""寤寝而叹曰：""此过隙也。吾生于角，徵还于角，为第八宫，吾之甚厄也。",,,
jiutangshu,adm,,straight,career,1,,忽梦己为浙东观察使，经过汴州，而朗为汴帅，留连饮饯，仰视屋栋，饰以黄土，宾从皆所识。明年，朗果自定州镇宣武，辟韦重掌书记。,,,
jiutangshu,adm,,sign,NA (non-predictive dreams),non-predictive,,昏然昼寝，梦与十数人纳凉于别馆。馆宇萧洒，相与联句,,,
jiutangshu,adm,self interpret,sign,disaster,1,,"曰：""吾向梦见水中沙上群鹿渡水而至，鹿死水乾。""言毕如厕。伶人相谓曰：""鹿者，禄也；水者，命也。胡禄命俱尽矣！",,,
jiutangshu,mother,pro,sign,pregnancy,1,,"初，婉儿在孕时，其母梦人遗己大秤，占者曰：""当生贵子",,,
jiutangshu,adm,,sign,war,non-predictive,,未几，李密破化及还，其劲兵良马多战死，士卒疲倦。世充欲乘其弊而击之，恐人心不一，乃假托鬼神，言梦见周公。,yes,,
jiutangshu,adm,,straight,politics,0,,"尝梦高祖入西京，升为天子。""高祖哂之曰：""汝王威之党也。以汝能谏止弘基等，微心可录，故加酬效；今见事成，乃说迂诞而取媚也？",,,
jiutangshu,adm,,person,miscellaneous,1,,尝昼寝，梦其母与之言，宛如膝下，既觉而涕泗横集。明日果得母讯，议者以为孝感之应,,,
jiutangshu,king,,person,NA (non-predictive dreams),non-predictive,,其后太宗忽梦见如晦若平生，及晓，以告玄龄,,,
jiutangshu,king,,sign,death,1,,太宗夜梦徵若平生，及旦而奏徵薨，时年六十四。太宗亲临恸哭，废朝五日，,,,
jiutangshu,king,,person,NA (non-predictive dreams),non-predictive,,又尝梦收如平生，又敕有司特赐其家粟帛,,,
jiutangshu,adm,,sign,disaster,1,,或私衣妇人之服，以备刺客。又数有妖梦，常自占卜。事发，五年，废为庶人,,,
jiutangshu,adm,,straight,ability,1,,为儿童时，梦有神人遗之双笔，自是渐有学业,,,
jiutangshu,adm,self interpret,sign,miscellaneous,1,,"初，林甫尝梦一白晰多须长丈夫逼己，接之不能去。既寤，言曰：""此形状类裴宽，宽谋代我故也。",,,
jiutangshu,adm,,sign,NA (non-predictive dreams),non-predictive,,复梦驾鹤冲天，寤而刻木鹤、衣道士衣以习乘之。,,,
jiutangshu,adm,,sign,NA (non-predictive dreams),non-predictive,,"尝梦沧州衙门楼额悉帖""权""字，遂奏请改名权",,,
jiutangshu,adm,father,sign,career,1,,"梦紫色大鸟，五彩成文，降于家庭。其祖谓之曰：""五色赤文，凤也；紫文，趯翾也，为凤之佐，吾儿当以文章瑞于明廷",,,
jiutangshu,adm,,straight,location,1,,未浃日，梦寐有指导焉。遂发垅，果得旧记验。,,,
jiutangshu,adm,,itpost,miscellaneous,1,,昌初至平凉劫盟之所，收聚亡殁将士骸骨坎瘗之，因感梦于昌，有愧谢之意,,,
jiutangshu,adm,,itpre,war,1,,"，梦人授之双烛，曰：""子方大贵，此行无患，可持此而还。""既行，炯然有双光在前。自后破虏危难，每行常有此光。",,,
jiutangshu,adm,,sign,death,1,,予任校书郎时，梦二黄衣人赍符来追，及浐，将渡，一人续至曰：'彼坟至大，功须万日。'遂不涉而寤。计今万日矣，与公诀矣,,,
jiutangshu,adm,,itpre,miscellaneous,1,,"将死，梦人谓之曰：""尔可随我。""及寤，械破，乃得逸去",,,
jiutangshu,adm,,sign,NA (non-predictive dreams),non-predictive,,梦登湛露殿，旦而陈于所亲，为其所发，伏诛。,,,
jiutangshu,adm,,sign,ability,1,,少勤学，尝梦神人以大凿开其心，以药内之，自是日益开朗，尽通诸经精义,,,
jiutangshu,mother,,sign,pregnancy,1,,"远知母，梁驾部郎中丁超女也。尝昼寝，梦灵凤集其身，因而有娠，又闻腹中啼声，沙门宝志谓昙选曰：""生子当为神仙之宗伯也。""",,,
xintangshu,king,,person,NA (non-predictive dreams),non-predictive,,它日幸九成宫，梦后若平生，既悟，潸然不自胜。,,,
xintangshu,mother,,itpre,career,1,,"初，郑方妊，梦巨人畀大称曰：""持此称量天下。""婉儿生逾月，母戏曰：""称量者岂尔邪？""辄哑然应。后内秉机政，符其梦云。",,,
xintangshu,mother,,sign,pregnancy,1,1,"梦若有介而戈者环鼎三，而三煮尽覆。以告说，说曰：""天命也！""乃止。生男，是为肃宗。",yes,,
xintangshu,adm,,sign,miscellaneous,1,,是夜梦王乘舟，舟判为二。既而适野，见东洲中断，乃悟焉,,,
xintangshu,adm,,itpre,location,1,,"梦琮告曰：""在洛南洲。""明日，直殡南得之。",,,
xintangshu,adm,,sign,disaster,1,,。数有妖梦，尝自占。事露，废为庶人，囚黔州承乾故宅,yes,,
xintangshu,adm,,sign,disaster,1,,"牧梦人告曰：""尔应名毕。""复梦书""皎皎白驹""字，或曰""过隙也""。俄而炊甑裂，牧曰：""不祥也。""乃自为墓志，悉取所为文章焚之。",,,
xintangshu,adm,,sign,location,1,,丧母，将合葬而不知父墓，昼夜哭，梦若有导者；既发之，旧志可按也，乃得葬。,yes,,
xintangshu,adm,,itpost,NA (non-predictive dreams),non-predictive,,将士骸骨不藏，昌始命瘗之。夕梦若诣昌厚谢者，昌具以闻,yes,,
xintangshu,adm,,itpost,disaster,1,,"人绐告涯当贬，忽梦涯自提首告曰：""族灭矣，惟若存，岁时无忘我。",,,
xintangshu,adm,,sign,disaster,1,,"尝梦云：""君可休矣！""餗寤而祭诸寝，复梦曰：""事已尔，叵奈何！""刘",,,
xintangshu,adm,,itpost,NA (non-predictive dreams),non-predictive,,"德裕既没，见梦令狐綯曰：""公幸哀我，使得归葬。""綯语其子滈，滈曰：""执政皆共憾，可乎？""既夕，又梦，綯惧曰：""卫公精爽可畏，不言，祸将及。""白于帝，得以丧还。",,,historian assume the validity of dream
xintangshu,king,,person,NA (non-predictive dreams),non-predictive,,是昔见梦，帝寤，为祭,,,
xintangshu,adm,,sign,miscellaneous,0,,"即奏曰：""臣尝梦日坠，以首承之。""帝曰：""非朕邪？",,,
xintangshu,commoner,,sign,miscellaneous,1,,夜忽梦男子求为妻，初不许，后数数梦之。李自疑容貌未衰丑所召也，即截发，麻衣，不薰饰，垢面尘肤，自是不复梦。,,,
xintangshu,commoner,,itpre,miscellaneous,1,,"梦父及夫告所杀主名，离析其文为十二言，持问内外姻，莫能晓。陇西李公佐隐占得其意，曰：""杀若父者必申兰，若天必申春，试以是求之。",,,
xintangshu,adm,,sign,NA (non-predictive dreams),non-predictive,,游艺尝梦登湛露殿，既寤，以语所亲。,yes,,
xintangshu,adm,,sign,miscellaneous,1,,"初，林甫梦人皙而髯，将逼己。寤而物色，得裴宽类所梦，曰：""宽欲代我",yes,,forced causal attribution
xintangshu,concubine,,sign,pregnancy,0,1,"""梦神降我，介而剑，决我胁以入，殆不能堪。""烛至，其文尚隐然。生代宗，为嫡皇孙。",,,
xintangshu,king,,person,NA (non-predictive dreams),non-predictive,,帝及后梦佋辞决流涕去，帝鲠怅，故册赠皇太子。,,yes,
xintangshu,king,,itpre,NA (non-predictive dreams),non-predictive,,"世充欲击之，恐士心未一，乃谋以鬼动众，令德阳门卫张永通言梦人谓己曰：""我，周公，能以兵助讨密。""世充白侗，立祠洛旁，使巫宣言：""周公令急击密，有大功；不然，兵且疫。""世充下皆楚人，信妖，遂请战。",yes,,
xintangshu,adm,,itpre,career,1,,"祈神自卜，夜梦老人谓曰：""君年逾四十当贵。""",,,
xintangshu,adm,,person,NA (non-predictive dreams),non-predictive,,遣玄龄送其家。后忽梦如晦若平生，明日为玄龄言之，,,,
xintangshu,king,,person,miscellaneous,0,,是夕，帝梦徵若平生，及旦，薨。,,,
xintangshu,king,,person,NA (non-predictive dreams),non-predictive,,又尝梦收如平生，赐其家粟、帛。,,,
xintangshu,king,,person,NA (non-predictive dreams),non-predictive,,后数岁，梦进谠言若平生,,,
xintangshu,king,adm,sign,politics,0,,"""朕数梦双陆不胜，何也？""於是，仁杰与王方庆俱在，二人同辞对曰：""双陆不胜，无子也。天其意者以儆陛下乎！",,,
xintangshu,adm,,sign,NA (non-predictive dreams),non-predictive,,天宝初，病，梦游帝居，数日寤，乃请为道士，还乡里,,,
xintangshu,mother,,sign,pregnancy,1,,母梦枫生腹上而产志和,,,
xintangshu,adm,,sign,miscellaneous,0,,梦天官、麟台交辟，寤而会亲族叙诀，二日卒，年四十。,,,
xintangshu,adm,,sign,death,0,,"尝梦与人论大衍数，寤而曰：""吾寿尽此乎！",,,
xintangshu,mother,,sign,NA (non-predictive dreams),non-predictive,,母梦长庚星，因以命之。,,,
xintangshu,adm,,sign,NA (non-predictive dreams),non-predictive,,"自言尝梦帝骑而上天，帝笑曰：""尔故王威党也，以能罢系刘弘基等，其意可录，且尝礼我，故酬汝以官。今胡迂妄媚我邪？""",yes,,
xintangshu,adm,pro,sign,career,1,,"，梦御大车载日月行中衢，光辉洪洞照六合，寤而占之，工曰：""君且暴贵。""不阕月，宣宗即位，光兴民伍，拜诸卫将军，",yes,,
xintangshu,adm,,itpre,NA (non-predictive dreams),non-predictive,,"禄山起军击契丹，还奏；""梦李靖、李勣求食于臣，乃祠北郡，芝生于梁。",,,
xintangshu,adm,adm,sign,disaster,1,,"""我梦群鹿度水，鹿死而水乾，云何？""俄如匽，优相谓曰：""胡命尽乎！""",yes,,
xintangshu,adm,,sign,ability,1,,梦人遗双笔，自是有文辞，十五通《五经》,yes,,
xintangshu,mother,,sign,pregnancy,1,,自言母梦日入怀生己，镂石著验，闻人冯待徵等助实其言。,,,
xintangshu,adm,,sign,NA (non-predictive dreams),non-predictive,,夜梦驾鹤，寤而刻寓鹤，衣羽服，习乘之。,yes,,
xintangshu,adm,,sign,NA (non-predictive dreams),non-predictive,,向梦公为上相，仪卫甚盛，幸无相忘。,,,
xintangshu,adm,father,sign,ability,1,,"梦紫文大鸟，五色成文，止其廷。大父曰：""吾闻五色赤文，凤也；紫文，鸑鷟也。若壮，殆以文章瑞朝廷乎？""",yes,,
xintangshu,adm,,straight,death,1,,"吾节度使，非庸人可杀。我尝梦持金杀我者，必钱镠也。""昌命镠斩之。",yes,,making reality match dream
xintangshu,adm,,sign,ability,1,,尹知章，绛州翼城人。少虽学，未甚通解，忽梦人持巨凿破其心,yes,,
xintangshu,adm,,itpre,ability,1,,"夜梦若有告者曰：""《易》有太极，子勉思之。""寤而作《易发挥》数篇，至《晋卦》，会病止",yes,,
xintangshu,mother,,sign,pregnancy,1,,母昼寝，梦凤集其身，因有娠,yes,,
xintangshu,adm,,itpre,disaster,1,,"彦祯常梦解佩带覆而行，既寤，曰：""此神告我，下将有背乎？""已而军乱，果囚彦祯，",,,
xintangshu,adm,,sign,miscellaneous,0,,梦大幡出指端，年四十九，当秉旄节。,,,
xintangshu,adm,,sign,NA (non-predictive dreams),non-predictive,,"权始名执恭，尝梦沧诸门悉署""权""字，乃改名以应之。",yes,,
xintangshu,adm,,itpre,miscellaneous,1,,"以盗系狱且死，梦謼曰：""秦彦，而从我去！""寤而视械破，因得亡命，即名彦。",yes,,
jiuwudaishi,king,,sign,NA (non-predictive dreams),non-predictive,1,一夕，帝梦白龙附于两肩，左右瞻顾可畏，忄兄然惊寤,,,
jiuwudaishi,adm,,itpre,war,1,,梦人告曰：“我陈璠也，尝板筑是城，旧第犹在，今为军舍，可为我立庙，即助公阴兵。”象先纳之。翼日，淮寇急攻其垒，梯冲角进，是日州城几陷。顷之，有大风雨，居民望见城上兵甲无算，寇不能进，即时退去。象先方信鬼神之助,,,
jiuwudaishi,adm,,itpre,war,1,,。谓福曰：“吾已兆于梦，皆上帝命我，非我意也。”,,,
jiuwudaishi,adm,,sign,miscellaneous,0,,及遘疾，梦焚旌旗铠甲，因自嗟叹，上章请退，寻卒于官，时年七十四。,,,
jiuwudaishi,king,,person,miscellaneous,1,,后明宗即位，一日梦中见一人，仪形瑰秀，若素识者，梦中问曰：“此得非前宅主罗氏子？”及寤，访其子孙，左右对曰：“周敬见列明廷。”召至，果符梦中所见。,,,
jiuwudaishi,king,,sign,career,1,1,“某夜来梦主上召去，与宋王同剃却头，何也？”坐客都无对者，专美屏人谓曰：“将来必为嗣主。,,,
jiuwudaishi,adm,,itpre,career,0,,专美职岐下，曾梦具裳简立嵩山之顶。及为端明殿学士，学士李崧同列而班在其上，因以所梦告崧，且言：“某非德非勋，安可久居此位，处吾子之首乎！,,,
jiuwudaishi,adm,,sign,career,1,,某少时，梦二人前引行路，一人计地里，曰：‘一舍矣，可以止。’一人曰：‘此君当更进三十有八里。’复行如所言，二人皆止之，俄而惊觉。,,,
jiuwudaishi,adm,,sign,ability,1,,夜梦神见召，待以优礼，手授二笔，其笔一大一小，觉而异焉。及为翰林学士，裔孙以为契鸿笔之兆。旋知贡举，私自谓曰：“此二笔之应也。”洎入中书上事，堂吏奉二笔，熟视大小如昔时梦中所授者,,,
jiuwudaishi,adm,,sign,ability,1,,，至京师，忽梦人以五色笔一束以与之，谓曰：“子有如此才，何不举进士？”自是才思敏赡，十九登进士第,,,
jiuwudaishi,adm,,sign,miscellaneous,0,,又梦被官府追摄入司簿院，既寤，心恶之，以是尤加狂躁。,,,
jiuwudaishi,adm,,itpre,miscellaneous,1,,夜梦鬼诧之曰：“公于我冢上安床，深不奉益。”皞问鬼姓氏，曰李丕文。皞曰：“君言殊误，都城内岂可冢耶？”曰：“冢本在野，张十八郎展城时围入。”忽寤。又半月，复梦前鬼曰：“公不相信，屈观吾舍可乎？”即以手掊地，豁然见华第，花木丛萃，房廊雕焕，立皞于西庑。久之，见一团火如电，前来渐近，即前鬼也。引皞深入，出其孥，泣拜如有所托。皞问丕文鬼事，曰：“冥司各有部属，外不知也。”皞曰：“余官何至？”再三不对，苦讯之，曰：“齐王判官。”皞曰：“张令公为齐王，去世久矣。今郓州高令公为齐王，余方为列卿，岂复为宾佐乎？”鬼曰：“不知也。,,,
jiuwudaishi,adm,,sign,death,1,,沆未病时，梦沆手出小佛塔示光逊，视其上有诗十四字云：“今生不见故人面，明月高高上翠楼。”光逊既寤，心恶之，俄闻沆卒,,,
jiuwudaishi,adm,,sign,death,1,,棨前梦温负登山，逾年温卒,,,
jiuwudaishi,adm,,sign,death,1,,温疾亟，梦瑾被发引满将射之。温乃为之礼葬，立祠以祭之,,,
jiuwudaishi,queen,,sign,pregnancy,1,1,妊时，曹后尝梦神人，黑衣拥扇，夹侍左右。载诞之辰，紫气出于窗户。,,,
jiuwudaishi,adm,,itpre,career,1,,忽梦神召于前亭，待以优礼，谓莹曰：“公富有前程，所宜自爱。”因遗一剑一笏，觉而骇异。明宗即位，以高祖为陕府两使留后，莹时在郡，以前官谒之，一见如旧相识，即奏署管记。高祖历诸镇皆从之，累使阙下，官至御史大夫，赐金紫。,,,
jiuwudaishi,king,,itpre,war,1,,贼尚拒守，至十七日，昼梦道士一人进书，卷首云“车驾来月二日还京”，其下文字绝多，不能尽记。既寤，以梦告宰臣，又四日而城拔。帝至军，凡驻跸九日而贼平，果以六月二日发离城下，近代亲征克捷，无如此之速也。,,,
jiuwudaishi,adm,,sign,ability,1,,一夕梦剖其肠胃，引西江水以浣之，又睹水中砂石，皆有篆文，因取而吞之。及寤，心意豁然，自是资性绝高。,,,
jiuwudaishi,adm,,itpre,war,1,,舣舟不得渡，因祷河神。是夜，梦神人谓曰：“子但渡，流冰无患。”既寤，津吏报曰：“河冰合矣。”凌晨，蹑冰而济，旋踵冰解。,,,
jiuwudaishi,adm,self interpret,sign,death,1,,一日昼寝，梦食巨枣，觉而有疾，谓其亲友曰：“尝闻‘枣’字重‘来’，呼魂之象也。余神气逼抑，将不免乎！”天福五年夏卒。,,,
jiuwudaishi,adm,adm,sign,politics,-1,,延光谓之曰：“余梦大蛇，自脐入腹，半而掣去之，是何祥也？”张生曰：“蛇者龙也，入腹为帝王之兆明矣。”,,,
jiuwudaishi,king,,sign,politics,1,,高祖之征邺城也，一日，帝语太祖曰：“我夜来梦尔为驴，负我升天，既舍尔，俄变为龙，舍我南去，是何祥也？,,,
jiuwudaishi,adm,,itpost,miscellaneous,1,,崧与徐台符同学相善，乾祐三年秋，台符梦崧谓曰：“予之冤横，得请于帝矣。”及苏、史之诛，并枭首于市，当崧所诛之地,,,
jiuwudaishi,king,,itpre,war,1,,帝前梦河神告曰：“七月下旬，上帝当灭守贞之族。”至是收复贼垒，城中人言，见帝营上有紫气，如楼阁华盖之状,,,
jiuwudaishi,king,,sign,NA (non-predictive dreams),non-predictive,,帝恳求入觐，忽梦至河而不得渡，寻授澶州节度使、,,,
jiuwudaishi,king,,sign,career,1,,自言尝梦大佛幡出于指端，或云年四十九当领旄节,,,
jiuwudaishi,adm,,straight,miscellaneous,1,,儿昨梦太原石郎发使到国，今果至矣，事符天意，必须赴之。”,,,
xinwudaishi,king,,straight,disaster,1,,友孜使刺客夜入寝中。末帝方寐，梦人害己，既寤，闻榻上宝剑枪然有声，跃起，抽剑曰：“将有变邪！”乃索寝中，得刺客，,,,
xinwudaishi,adm,,sign,NA (non-predictive dreams),non-predictive,,后温病，梦瑾挽弓射之。温惧，网其骨，葬塘侧，立祠其上。,,,
xinwudaishi,adm,adm,sign,career,-1,,延光常梦大蛇自脐入其腹，半入而掣去之，以问门下术士张生，张生赞曰：“蛇，龙类也，入腹内，王者之兆也。”,yes,,
xinwudaishi,adm,,sign,ability,1,,尝梦剖其肠胃，以西江水涤之，顾见江中沙石,,,
xinwudaishi,adm,,straight,miscellaneous,1,,吾尝梦石郎召我，而使者果至，岂非天邪,yes,,
liaoshi,mother,,sign,pregnancy,1,1,初，母梦日堕怀中，有娠。及生，室有神光异香,,,
liaoshi,king,,straight,miscellaneous,0,,兴王寺，有白衣观音像。太宗援石晋主中国，自潞州回，入幽州，幸大悲阁，指此像曰：“我梦神人令送石郎为中国帝，即此也,,,
liaoshi,concubine,,sign,pregnancy,1,1,应天皇后梦神人金冠素服，执兵仗，貌甚丰美，异兽十二随之。中有黑兔跃入后怀，因而有娠，遂生太宗。,,,
liaoshi,concubine,,sign,pregnancy,1,1,母尝梦金柱擎天，诸子欲上不能；后后至，与仆从皆升，异之。久之，入宫。尝拂承天太后榻，获金鸡，吞之，肤色光泽胜常。太后惊异曰：“是必有奇子！”已而生兴宗。,,,
liaoshi,queen,,itpre,location,0,,尝梦重元曰：“臣骨在太子山北，不胜寒栗。”寤，即命屋之，慈悯类此。,,,
liaoshi,king,,sign,miscellaneous,1,,太祖梦白鹤自帐中出；比还，复入帐中。诘旦，谓侍臣曰：“延徽至矣。”已而果然。,,,
liaoshi,king,,sign,miscellaneous,1,,“臣境无他产，惟幕僚张俭，一代之宝，愿以为献。”先是，上梦四人侍侧，赐食人二口，至闻俭名，始悟。,,,
liaoshi,adm,,itpre,miscellaneous,1,,梦善卜者胡吕古卜曰：“官止林牙，因妻得罪。”及置于理，法当离婚。胡笃适有娠，至期不产而死。剖视之，其子以手抱心，识者谓诬夫之报。,,,
liaoshi,mother,,sign,career,1,1,乙辛母方娠，夜梦手搏羖羊，拔其角尾。既寤占之，术者曰：“此吉兆也。羊去角尾为王字，汝后有子当王,,,
liaoshi,king,,sign,NA (non-predictive dreams),non-predictive,1,乙辛怒曰：“何遽惊我！适梦人手执日月以食我，我已食月，啖日方半而觉，惜不尽食之,,,
songshi,mother,,sign,pregnancy,1,1,荣王梦一紫衣金帽人来谒，比寤，夜漏未尽十刻，室中五采烂然，赤光属天，如日正中。既诞三日,,,
songshi,king,,itpre,miscellaneous,1,,朕五月丙子夜，复梦乡者神人言：'来月上旬，当赐天书于泰山，宜斋戒祇受。'朕虽荷降告，未敢宣露，惟密谕王钦若等，凡有祥异即上闻。朕今得其奏，果与梦协。,,,
songshi,king,,itpre,NA (non-predictive dreams),non-predictive,1,朕梦先降神人传玉皇之命云：'先令汝祖赵某授汝天书，令再见汝，如唐朝恭奉玄元皇帝。'翼日，复梦神人传天尊言：'吾坐西，斜设六位以候。,,,
songshi,adm,,sign,pregnancy,1,,"尝梦至一亭，扁曰""侍康""；傍植芍药，独放一花，殊妍丽可爱，花下白羊一，近寤而异之。",,,
songshi,adm,,sign,miscellaneous,-1,,"既孤，常梦其父召丙偶立于庭，向空指曰：""老人星见矣。""丙仰视之，黄明润大，因望而拜。既寤，私喜曰：""吉祥也。""以寿星出丙入丁，乃改名焉，至是无验。丙于礼不当更名，古人戒数占梦，无妄喜也。",,,
songshi,king,,itpre,NA (non-predictive dreams),non-predictive,,"真宗尝梦神人言""赐天书于泰山""，即密谕钦若。钦若因言，",,,
songshi,king,,person,miscellaneous,1,,钦若又言至岳下两梦神人，愿增建庙庭。及至威雄将军庙，其神像如梦中所见，因请构亭庙中。,,,
songshi,adm,,itpre,career,1,,"砺贽文见之，馆接数日。世宗入朝，砺处僧舍，梦古衣冠者曰：""汝能从乎？""砺随往",,,
songshi,adm,,itpre,career,1,,"濠州，梦人告曰：""吕丞相至矣。""既而吕夷简通判州事，故待之甚厚。",,,
songshi,mother,,sign,pregnancy,1,1,初，母梦神人授珠，吞之而娠，生而眉目美秀,,,
songshi,adm,,itpre,miscellaneous,0,,"尝梦曦祷神祠，以银杯为珓掷之，神起立谓曦曰：""公何疑？公何疑？后政事已分付安子文矣。""曦未省，神又曰：""安子文有才，足能办此。""",,,
songshi,adm,,itpre,illness,1,,"""吾梦收父书，发之，得'亟来'二字，吾父得无他乎？吾心动矣。汝奉母奠朝夕，吾趋泸南。""庚未及应，伯虎奋曰：""吾决矣！""起裹粮，黎明走洪川僦舟，遇江涨，声摇数十里，客舟皆舣岸不敢动，伯虎彷徨堤上，有渔者持小艇系港中，啖以厚利，不许。伯虎超入艇中，叱仆夫解维，渔者不得已，从之。二日半至泸南，父果病甚，",,,
songshi,adm,,sign,ability,1,,尝梦孔雀集于庭，觉而赋之，词采甚丽,,,
songshi,adm,,itpre,death,1,,"梦人告曰：""子非久人间，上帝有命典司文翰。""觉而书之。不逾月，以政和八年卒，年四十。",,,
songshi,adm,,sign,ability,1,,尝梦人持巨鉴，星宿灿然满中，剖腹纳之，觉而汗洽，月余，心胸犹觉痛。因留意星历、占候之学，深究其旨,,,
songshi,adm,,straight,ability,1,,"后梦一人状貌魁伟，纶巾素袍，鬓发班白，自云姓阴，引之登高山，谓曰：""汝有道气，吾将教汝辟谷之法。""乃出青柏枝令啖，梦中食之。及觉，遂不食，神气清爽，每闻火食气即呕，惟生果清泉而已。岁余，复梦向见老人教以篆书数百字，寤悉能记。写以示人，皆不能识。或云：""此非篆也，乃道家符箓耳。",,,
songshi,mother,,sign,pregnancy,1,,"王夫人张氏梦人拥一羊遗之曰：""以此为识。""已而有娠",,,
songshi,concubine,,sign,NA (non-predictive dreams),non-predictive,,，而昭慈圣献皇后亦自江西还行在，后尝感异梦，密为高宗言之，高宗大寤。,,,
songshi,adm,,straight,ability,1,,梦见甫为诵世所未见诗，及觉，才记十余字，遵度足成之，为《佳城篇》,,,
songshi,adm,,straight,career,1,,梦人称敕召者，既出，如拜官然，顾视旌旗吏卒罗于庭。至是，梦之如初,,,
songshi,king,,straight,NA (non-predictive dreams),non-predictive,,"适梦冯京入朝，甚慰人意。""乃赐京诏，有""渴想仪刑，不忘梦寐""之语。及入见，首以所梦告焉",,,
songshi,adm,,itpre,illness,1,,浸病羸，行辄踣。梦父授以服天南星法，用之，验，人以为孝感。,,,
songshi,adm,,itpre,location,1,,"一夜，梦井中有人，明日呼囚诘之曰：""汝杀人，投之于井，我悉知之矣，胡得欺我。""囚遂惊服，果于废井得尸。",,,
songshi,adm,,itpre,miscellaneous,1,,且白郡委官体访。俄梦有人拜于庭，示以伤痕在胁。翌日，委官上其事，果然。,,,
songshi,mother,,sign,pregnancy,1,,弟妇以多男欲不举，安国妻梦大鱼跃盆水中，急往取而子之。,,,
songshi,mother,,sign,pregnancy,1,,母尝梦引袂于月中承兔得之，因有娠，遂生野,,,
songshi,adm,,sign,death,1,,梦道士持素书聘为白鹿洞主，卒,,,
songshi,adm,,sign,career,1,,"尝梦神人披甲，自称""西岳神""，谓惟治曰：""公面有缺文""，即捧土培之。后领华州节钺二十年。",,,
songshi,adm,,sign,ability,1,,少梦人遗以大砚，自是乐为文辞，颇敏速富赡，当时国中词翰多出其手。,,,
songshi,adm,self interpret,sign,death,1,,"承祐少时，尝梦人以著草一本，增其一而授之。既寤，以语所亲曰：""'大衍之数五十，其用四十有九'，今增其一，我寿止于此乎。""果五十而卒。",,,
songshi,adm,,sign,war,-1,,"有小校梦文表龙出领下，明日以告，文表喜曰：""天命也。""及败，枭首于朗陵市。",,,
songshi,adm,,itpre,illness,1,,禳于城隍神，是夕，梦神人告以九九之数，俄疾愈。开宝九年，卒，年八十一。,,,
songshi,concubine,,sign,pregnancy,1,1,妃尝梦日轮逼己，以裾承之，光耀遍休，惊而悟，遂,,,
songshi,concubine,,sign,pregnancy,1,1,初，母庞梦月入怀，已而有娠，遂生后,,,
songshi,adm,self interpret,sign,career,1,,"梦一吏以白帕裹印，自门入授防，防寤而思曰：""白主刑，吾当为主刑官乎？""俄而周祖即位，起为刑部员外郎，吏赍印至，一如梦中所睹。",,,
songshi,adm,,sign,miscellaneous,0,,"遵诲尝谓太祖曰：""每见城上紫云如盖，又梦登高台，遇黑蛇约长百尺余，俄化龙飞腾东北去，雷电随之，是何祥也？""太祖皆不对。他日论兵战事，遵诲理多屈，拂衣而起。太祖乃辞宗本去，自是紫云渐散",,,
songshi,adm,,itpre,pregnancy,1,,"与其妻钟祷于庐阜。钟梦道士授以书曰：""以遗尔子。""视之，《小戴礼》也，已而庠生。他日见许真君像，即梦中见者。",,,
songshi,adm,,itpre,death,1,,希亮尝梦异人按图而告之年，至是果然,,,
songshi,mother,,sign,pregnancy,1,,得象母方娠，梦登山，遇神人授以玉象，及生，父奂复梦家庭积笏如山,,,
songshi,mother,,sign,pregnancy,1,,母韩有娠，梦旌旗鹤雁降其庭，云有天赦，已而生弼,,,
songshi,mother,,sign,pregnancy,1,,"祖禹字淳甫，一字梦得。其生也，母梦一伟丈夫被金甲入寝室，曰：""吾汉将军邓禹。""既寤，犹见之，遂以为名",,,
songshi,adm,,itpre,career,1,,"梦神人示以文书，记其一联云：""如火烈烈，玉石俱焚；在冬青青，松柏不改。""已而果符前事。",,,
songshi,adm,,sign,career,1,,初，汝愚尝梦孝宗授以汤鼎，背负白龙升天，后翼宁宗以素服登大宝，盖其验也，而谗者以为言。,,,
songshi,adm,,sign,pregnancy,1,,方娠，大父梦双日照庭,,,
songshi,queen,,sign,pregnancy,1,1,初，后梦神人捧日以授，已而有娠,,,
songshi,queen,,sign,pregnancy,1,1,明年正月，后梦以裾承日，有娠,,,
songshi,king,,sign,pregnancy,1,1,初，王梦两龙与日并堕，以衣承之。,,,
songshi,adm,,sign,pregnancy,1,,初生时，或梦南岳神降其家。,,,
songshi,adm,,straight,miscellaneous,1,,珙善相人，且夜梦车骑称李尚书谒己，明日庭芝至,,,
songshi,adm,,straight,miscellaneous,1,,一日，梦邀车驾请见，既拜，乃太祖也。太祖亦梦其来谒，因令左右寻访，文悦果自至，太祖异之。,,,
songshi,adm,,sign,NA (non-predictive dreams),non-predictive,,初，感疾，梦绿衣中人召至帝所，赋《禁中晓寒歌》,,,
songshi,mother,,sign,pregnancy,1,,母梦星殒于怀，掬而吞之，遂有娠。,,,
songshi,mother,,sign,pregnancy,1,,母梦李白而生。少有诗声,,,
songshi,adm,,sign,miscellaneous,1,,"恍有猿坠前，惊寤，呼吏卒索之，不见。志宁自念梦兆：""非杀人者袁姓乎？""有门卒忽言张氏馈食之夫曰袁大，明日袁至，使吏执之，曰：""杀人者汝也。""袁色动，遽曰：""吾怜之久矣，愿就死。",,,use dream for judging
songshi,adm,,itpre,location,1,,"夜梦妻曰：""我死后生某氏家，今十岁矣。后七年，当复为君妇。""明日遣人聘之，一言而合。询其生，与妇死年月同云。",,,
songshi,king,,itpost,NA (non-predictive dreams),non-predictive,,"孝宗一夕梦莎衣人跣哭来吊者，讯之曰：""苏人也。""诘其故，不肯言。帝寤，以语内侍。会后及太子薨，帝哀泣，内侍进前勉释，并道前梦。",,,
songshi,adm,,itpre,death,1,,"先是，全乞灵茅司徒庙无应，全怒，断神像左臂。或梦神告曰：""全伤我，全死亦当如我。""至是果然。",,,
songshi,king,,sign,politics,1,1,侍英宗入居庆宁宫，尝梦神人捧之登天。英宗即位,,,
songshi,queen,,sign,pregnancy,1,1,慈懿梦日坠于庭，以手承之，已而有娠,,,
songshi,commoner,,sign,disaster,1,,民诡言梦得鱼，觉而在手犹跃，,,,
songshi,king,,itpre,miscellaneous,0,,"帝一日忽梦人言：""乐成而凤凰不至乎！盖非帝指也。""帝寤，大悔叹",,,
songshi,mother,,itpre,ability,1,,质生之夕，母梦神人授以五色笔。九岁能属文,,,
songshi,mother,,sign,pregnancy,1,,尝梦八仙人自天降，授字图使吞之，及寤，犹若有物在胸中，未几，生至。,,,
songshi,adm,,itpre,disaster,1,,夜止神祠中，梦有人叱之起，既觉而去，贼果至。及贼陷雅,,,
songshi,adm,,sign,career,1,,"初，守忠尝梦一""濮""字方丈余，及领是郡几二十年，于是始悟",,,
songshi,mother,,sign,pregnancy,1,,沆母梦衣冠丈夫曰牛相公来，已来有娠，乃生沆。,,,
songshi,adm,,itpre,career,1,,"每夜梦异人，以绀莲华与元吞之，且曰：""善读此，后必贵显",,,
songshi,adm,,itpre,death,-1,,"尝梦神人谓曰：""汝位至正郎，寿五十七。""而享年六十四，论者以为积善所延也。",,,
songshi,adm,,sign,pregnancy,1,,其母尝梦凤集家庭，寤而生少连,,,
songshi,adm,,sign,NA (non-predictive dreams),non-predictive,,初名熙，尝梦之官府，见颖叔名，遂更名颖叔。,,,
songshi,father,,sign,pregnancy,1,,亿将生，文逸梦一道士，自称怀玉山人来谒。未几，亿生,,,
songshi,adm,,sign,career,1,,策登第，梦人以六印加剑上遗之，其后往剑外凡六任，时以为异,,,
songshi,mother,,sign,pregnancy,1,,母李氏梦儿堕月中，承以衣裾，得之，遂生纯仁。,,,
songshi,adm,,sign,NA (non-predictive dreams),non-predictive,,"概初名禋，尝梦神人金书名簿有""赵概""，遂更云。",,,
songshi,adm,,itpre,location,-1,,靖尝梦神人告以所终官而死秦亭，故靖常畏西行。,,,
songshi,adm,,person,NA (non-predictive dreams),non-predictive,,居数日，梦英宗召语，眷如平生，欲退复留,,,
songshi,adm,,sign,pregnancy,1,,将生之夕，母梦虎行月中，堕其室,,,
songshi,adm,,itpre,NA (non-predictive dreams),non-predictive,,执中宽厚有仁心，屡典刑狱，雪活以百数。明年，梦神人畀以骑都尉，诘旦为客言之，少焉，谈笑而逝，年六十三。,,,
songshi,mother,,sign,pregnancy,1,,母刘，梦天大雷电，光烛其身，翌日而泽生,,,
songshi,father,,itpre,NA (non-predictive dreams),non-predictive,,"梦神人大书""阐""字曰：""以是名尔。""父异之，力勉",,,
songshi,adm,,itpre,illness,1,,"初，陈宜中梦人告之曰：""今年天灾流行，人死且半，服大黄者生。""继而疫疠大作，服者果得不死，及黻病，宜中令服之，终莫能救",,,partially correct prediction
songshi,adm,self interpret,sign,miscellaneous,1,,"徙知饶州，先梦持六刀，觉曰：""三刀为益，今倍之，其饶乎？""已而果然。",,,
songshi,adm,,sign,death,1,,帝称善。一夕感异梦，星陨于屋西南隅，遂卒，年六十四,,,
songshi,adm,,straight,NA (non-predictive dreams),non-predictive,,徽又自言尝梦至中华，作诗纪其事,,,
jinshi,king,,sign,war,1,,世祖曰：“予昔有异梦，今不可亲战。若左军中有力战者，则大功 ,,,
jinshi,king,adm,sign,politics,0,,岁癸巳十月，康宗梦逐狼，屡发不能中，太祖前射中之。旦日，以所梦问僚佐，众曰：“吉。兄不能得而弟得之之兆也。”,,,
jinshi,king,,sign,war,1,,予夙昔有异梦，不可亲战，若左军有力战者当克。”既而与肃宗等击之，敌大败。,yes,,
jinshi,king,,sign,disaster,0,,太祖尝往宁江，梦斡带之禾场焚，顷刻而尽。觉而大戚，即驰还，斡带已寝疾，翌日不起。,,,
jinshi,king,,sign,war,1,,斡塞伐高丽，太祖卧而得梦，及起曰：“今日捷音必至。”乃为具于球场以待。有二獐渡水而至，获之，太祖曰：“此休征也。”言未既，捷书至，众大异之。,,,
jinshi,king,,sign,disaster,1,,仁圣又梦乞丐万数踵其后，心恶之，占者曰：“后为天下母，百姓贫窭，将谁诉焉？”,,,
jinshi,adm,,sign,pregnancy,1,,母梦神人授以宝珠，光焰满室，既寤而生,,,
jinshi,father,,sign,pregnancy,1,,其父微时尝梦二玉梳化为月，已而生二后，及没,,,
jinshi,king,,sign,disaster,1,,后梦丐者数万踵其后，心甚恶之。,yes,,
jinshi,king,,sign,disaster,0,,昼寐于来流水傍，梦斡带之场圃火，禾尽焚，不可扑灭，觉而深念之，以为忧。,yes,,
jinshi,king,,person,miscellaneous,1,,入见，太宗甚惊异曰：“朕畴昔尝梦此人，今果见之。,,,
jinshi,father,,sign,NA (non-predictive dreams),non-predictive,,父弥学，梦至一室，榜曰“张万相公读书堂”，已而万公生，因以名焉。,,,
jinshi,mother,,sign,pregnancy,1,,一夕梦鼠衔明珠，寤而久约生，岁实在子也,,,
jinshi,commoner,,itpre,miscellaneous,1,,乃自言梦中屡见白头老父指其二女曰：“皆有福人也。若侍掖廷，必得皇嗣。,,,
jinshi,commoner,,itpre,miscellaneous,-1,,阿鲁不复言：“梦见白头老父使己祈雨，三日必大澍足。”过三日雨不降，章宗疑其诞妄，,,,
jinshi,mother,,itpost,miscellaneous,0,,母曰：“适梦三人潜伏梁间，故惊寤。”仁卿跪曰：“梁上人，鬼也。儿意在悬梁，阿母梦先见耳。,,,
jinshi,adm,,itpost,NA (non-predictive dreams),non-predictive,,海陵梦仲轲求酒，既觉，嗟悼良久，遣使者奠其墓,,,
jinshi,adm,,sign,politics,0,,“梦公与帝击球，公乘马冲过之，帝坠马下。”海陵闻之大喜。,,,
jinshi,adm,,straight,ability,1,,初，学诗未有入处，梦其父与方寸白笔，从是文章大进。,,,
jinshi,adm,,straight,death,1,,尝谓人云：“吾幼梦官至五品，寿不至五十。”后竟如其言。,,,
jinshi,adm,,sign,ability,1,,乃去学医，无所知名，夜梦有人用大斧长凿凿心开窍，纳书数卷于其中，自是洞彻其术。,,,
yuanshi,mother,,sign,pregnancy,1,1,夜寝帐中，梦白光自天窗中入，化为金色神人，来趋卧榻。阿兰惊觉，遂有娠，产一子，即孛端义儿也,,,
yuanshi,adm,,sign,miscellaneous,1,,试官梦月中有花象，已而果符其名，人以为异。,,,
yuanshi,adm,,itpre,death,1,,夜梦太祖召见，语之曰：“我以勤劳取天下，以传于妥欢帖睦尔。而爱猷识理达腊不克肖似，废坏我家法，苟不即收图，天命不可保矣。尔吾功臣之后，且诚实，故召汝语，汝明旦亟以吾言告而主及爱猷识理达腊。汝不以告，吾即殛汝，告而不改，则吾它有处之。达礼麻识理其人庶几识事宜者，然知而不言，将焉用之？吾其先殛之矣。”明旦，哈剌章入见帝，具以梦告，帝令以告皇太子。比出，则达礼麻识理已无疾而卒矣。,,,
yuanshi,adm,,itpre,pregnancy,1,,因生之夕，述梦神人马载一儿至其家，曰：“善养之。”既觉而生，乃名曰骃，字梦骥，后改今名及字。,,,
yuanshi,commoner,,sign,pregnancy,1,,邻媪复梦有物蜿蜓降其舍旁池中，旦以告于人，而澄生,,,
yuanshi,mother,,sign,pregnancy,1,,母雷氏，梦五色巨翼入帏，遂生公楠,,,
yuanshi,father,,sign,pregnancy,1,,父之纯，为东平万户府参议，夜梦谒孔子庙，得赐嘉果，已而孔孙生,,,
yuanshi,father,,sign,pregnancy,1,,文仲晨起，衣冠坐而假寐，梦一道士至前，牙兵启曰：“南岳真人来见。”既觉，闻甥馆得男，心颇异之。,,,
yuanshi,mother,,sign,pregnancy,1,,母童氏，梦大星坠于怀，乃有娠，,,,
yuanshi,adm,,straight,ability,1,,始泽尝梦见夫子，以为适然，既而屡梦见之，最后乃梦夫子手授所较《六经》，字画如新，由是深有感发，始悟所解经多徇旧说为非是,,,
yuanshi,adm,,straight,miscellaneous,1,,一夕，梦母欲食鱼，晨起号天，将求鱼以祭，见生鱼五尾列墓前，俱有啮痕。邻里惊异，方共聚观，有獭出草中，浮水去,,,
yuanshi,adm,,straight,death,1,,忽梦母疾，心怪之。驰归，母已亡。,,,
yuanshi,adm,,sign,location,1,,又尝为月的迷失言异梦及己还朝期，后皆验。,,,
yuanshi,queen,,sign,miscellaneous,1,,既而后梦有朱衣长髯，从甲士，导朱辇白兽行草间者。觉而异之，以问留孙，对曰：“甲士导辇兽者，臣所佩法箓中将吏也；朱衣长髯者，汉祖天师也；行草间者，春时也。殿下之疾，其及春而瘳乎！”后命取所事画像以进，视之果梦中所见者。,,,
yuanshi,adm,,sign,miscellaneous,1,,尝夜梦大鸟止其所居，翼覆轩外，举家惊异，出视之，冲天而去。明日，翀至。,,,
yuanshi,adm,,itpost,death,1,,其妻希台特勒氏梦其来告曰：“吾死矣。”知事张德、刘闰亦梦之，二人相继死。而军中往往见其乘骓督战云。后赠户部尚书、守忠全节功臣，谥忠愍。,,yes,
yuanshi,adm,,itpre,location,1,,一夕梦老父以杖指葬处曰：“见片砖即可得。明日就其地求之，庶母之弟曰：“真是已，敛时有某物可验。”启朽棺，得父骨以归。,,,
yuanshi,adm,,itpre,illness,1,,思孝方欲刲股肉为糜以进，忽梦寐间怳若有神人者授以药剂，思孝得而异之，即以奉母，其疾遂愈。,,,
yuanshi,adm,,itpost,death,1,,夫抵仪真，夜梦妇来告曰：“我已缢死彼舍矣。”其精爽如此。,,,
yuanshi,adm,,sign,pregnancy,1,,母廉氏，夜梦神人授以大星使吞之，已而有妊。,,,
yuanshi,adm,,sign,war,non-predictive,,可乃算滩大惊曰：“东天将军，神人也。”遂降。戊午，旭烈兀命侃西渡海，收富浪。侃喻以祸福，兀都算滩曰：“吾昨所梦神人，乃将军也。”即来降。,,,
yuanshi,mother,,sign,pregnancy,1,,母尝梦东南日光射其身，旁一神人以笔授之，已而奂,,,
yuanshi,mother,,sign,pregnancy,1,,母冯氏，梦一丈夫，乌巾、白襕衫、红鞓束带，趋而揖曰：“我文昌星也。”及寤，思诚生,,,
yuanshi,mother,,sign,NA (non-predictive dreams),non-predictive,,将生，其母杨氏梦朝日出东山上，有轻云来掩之，故名旸,,,
mingshi,adm,,itpre,miscellaneous,1,,王疲极昼睡，梦一白衣人来曰：“汝慎勿食马肉，今夜有舟来共载也。”王未之深信，俄又梦如初。至夜将半，梦中仿佛闻橹声，有衣紫衣者以杖触王胯曰：“舟至矣。”王惊寤，身已在舟上，见旧所事统领官。,,,
mingshi,king,,itpre,location,1,,。一夕，梦伽蓝神来，言后弟今在某所，英宗亦同时梦。旦遣小黄门，以梦中言物色，得之报国寺伽蓝殿中，召入见。,,yes,
mingshi,father,,sign,pregnancy,1,1,嘉靖中，伟梦空中五色彩辇，旌幢鼓吹导之下寝所，已而生太后,,,
mingshi,adm,,itpre,politics,1,,儿时梦一人拊其背曰：“岁寒松柏，其在斯乎。”崇祯十三年成进士，之官，兵荒，从义练丁壮三百人杀贼。贼破秦，从义曰：“嗟乎，岂非天哉！吾唯昔梦是践矣。,,,
mingshi,adm,,sign,location,1,,梦至一寺，当午，炊莎和肉羹食之。一老父至，惊觉。原告之梦，请占之。老父曰：“若何为者？”曰：“寻父。”老父曰：“午者，正南位也。莎根附子，肉和之，附子脍也。求诸南方，父子其会乎？”原喜，谢去，而南踰洺、漳，至辉县带山，有寺曰梦,,,
mingshi,adm,,sign,location,1,,梦神人授以“缠绵盗贼际，狼狈江汉行”二句。一书生告之曰：“此杜甫《舂陵行》诗也，舂陵今道州，曷往寻之。”玺从其言，既至，无所过。一日入厕，置伞道旁。伯震适过之曰：此吾乡之伞也。”循其柄而观，见有“余姚黄廷玺记”六字。方疑骇，玺出问讯，则其兄也，遂奉以归。,,,
mingshi,adm,,itpre,location,1,,梦人告曰：“若母在台州金鳌寺前。”觉而识之,,,
mingshi,adm,,sign,miscellaneous,1,,知府胡麟先梦王祥来谒，诘旦而县牒至，诧曰：“孺子其祥后身耶？”召见，易其旧名“恩”曰“子孝”,,,
mingshi,father,,itpre,pregnancy,1,,祷于华山，梦神告曰：“以破军星为若子。”已，生自成,,,
mingshi,mother,,sign,pregnancy,1,1,母金氏，梦月入怀而生后。,,,
mingshi,concubine,,person,NA (non-predictive dreams),non-predictive,,“夜梦孝纯太后归，语帝瘁而泣，且曰：‘为我语帝，食毋过苦。’,,,
mingshi,mother,,sign,pregnancy,1,,母李，梦月中金钱坠怀，而生维桢,,,
mingshi,queen,,itpre,pregnancy,1,1,生之前夕，成祖梦太祖授以大圭曰：“传之子孙，永世其昌。”既弥月，成祖见之曰：“儿英气溢面，符吾梦矣。,,,
mingshi,king,adm,sign,miscellaneous,1,,。太祖方欲刑人，基请其故，太祖语之以梦。基曰：“此得土得众之象，宜停刑以待。”后三日，海宁降。,,,
mingshi,mother,,sign,pregnancy,1,,母梦绯衣神入室，生岳，遂以为名,,,
mingshi,father,,sign,NA (non-predictive dreams),non-predictive,,生时，父梦紫衣人抱送文彦博至其家，故名之曰文,,,
mingshi,adm,,sign,auspiciousness,1,,母子相持恸哭。夜分梦神语曰：“汝节行上闻于天，当有以相助。”晨兴，母子述所梦皆符，,,,
mingshi,concubine,,sign,pregnancy,1,1,母陈氏，方娠，梦神授药一丸，置掌中有光，吞之，寤，口余香 .,,,
mingshi,queen,,sign,pregnancy,1,1,母仁孝文皇后，梦冠冕执圭者上谒。寤而生帝,,,
mingshi,adm,,straight,NA (non-predictive dreams),non-predictive,,忆登第时梦隐士刘宗周吟文信国《零丁洋诗》，今山河碎矣，不死何为！”,,,
mingshi,adm,,itpre,miscellaneous,0,,良谟尝梦拜文文山于堂下，文山揖之上：“公与予先后一揆，何下拜为？”觉而异之。及是城陷，良谟方移疾卧邸中，一恸几绝，自是水浆不入口。,,,
mingshi,mother,,sign,pregnancy,1,,从质妻尹氏有身，梦文天祥入其舍，生可法。,,,
mingshi,adm,,itpre,location,0,,雪，水坚至河底。德成梦母曰：“我处水下，寒不得出。”觉而大恸，旦与妻徒跣行三百里，抵河滨。卧水七日，水果融数十丈，恍惚若见其母，而他处坚冻如故,,,
mingshi,adm,,itpre,miscellaneous,1,1,未至，困卧田间，梦神人被甲拥盾呼曰：“起起，主君来。”惊寤，而太祖适至，即迎拜,,,person coming
mingshi,adm,,itpre,location,1,,十八年。尝梦母若告以所在，至是从容言于帝，请归省坟墓。许之，且命礼官具祭物。溥率士卒之贵溪，求不得，昼夜号泣。居人吴海言：“夫人为贼逼，投井中死矣。”溥求得井，有鼠自井出，投溥怀中，旋复入井。汲井索之，母尸在焉,,,
mingshi,adm,,itpost,miscellaneous,1,,翁氏见梦曰；“我黄状元妻也。”比明，沃以水，影愈明，有愁惨状。后,,,
mingshi,king,,sign,politics,0,,朕梦神人语上帝好生者再，是何祥也？”荣、幼孜对曰：“陛下此举，固在除暴安民。然火炎昆冈，玉石俱毁，惟陛下留意。,,,
mingshi,king,,sign,miscellaneous,1,,妇翁讼婿杀女，诬服论死。璞祷于神，梦神示以麦字。璞曰：“麦者，两人夹一人也。”比明，械囚趣行刑。未出，一童子窥门屏间。捕入，则道士徒也。叱曰：“尔师令尔侦事乎？”童子首实，果二道士匿妇槁麦中。,,,dream used for judgement
mingshi,adm,,itpost,miscellaneous,1,,昺判从之，祝投后园池中死。邑大旱，昺梦妇人泣拜，觉而识其里居姓氏，往诘其状。及启土，貌如生。昺哭之恸曰：“杀妇者，吾也,,,
mingshi,adm,,sign,career,1,,谓夜梦一人骑牛几堕，鼐手挽之得不仆，又见鼐手执五色石引牛就道。因解之曰：‘人骑牛谓朱，乃国姓。意者国将倾，赖鼐扶之，而引君当道也。’,,,
mingshi,adm,,itpre,location,1,,祷城隍神，梦若有言州西寺者。寺去州四十里，倚山为巢，后临巨塘。,,,
mingshi,adm,,straight,miscellaneous,1,,初，完尝梦至一山曰“大武”。及抵戍所，有山如其名,,,
mingshi,adm,,sign,NA (non-predictive dreams),non-predictive,,守仁娠十四月而生。祖母梦神人自云中送儿下，因名云,,,
mingshi,mother,,sign,pregnancy,1,,母梦神人舞戈于庭，寤而生。,,,
mingshi,mother,,sign,pregnancy,1,,母齐，梦一紫衣人谒见，已而生瑄。,,,
mingshi,commoner,,itpre,career,1,,有道士前曰：“昨梦神告：‘吾后人当有登第者，后且继我忠义，可语之。’”永杰愕然，颇自喜。已果登第，授开封推官，强植不阿，民畏爱之。,,,
qingshigao,concubine,,itpre,pregnancy,1,1,诞之前夕，梦神人抱子纳后怀曰：“此统一天下之主也 ,,,
qingshigao,mother,,sign,pregnancy,1,,芳灿，字蓉裳。母梦五色雀集庭树而生。,,,
qingshigao,adm,,sign,pregnancy,1,,学山梦二子者至，即夕，王孪生二子,,,
qingshigao,adm,,sign,NA (non-predictive dreams),non-predictive,,躭禅悦，梦入招提曰花之寺，仿佛前身，自号花之寺僧。,,,
qingshigao,wife,,sign,disaster,0,,丧归，毓昌妻有噩梦，启棺视，面如生,,,
qingshigao,wife,,itpost,death,1,,一夕，语诸姑、姊，梦夫告以死。遂哀泣，不食死。,,,
qingshigao,mother,,sign,pregnancy,1,,窦芳方在娠，其母梦雁珠偕一女至，谓唐奉天窦烈女也，故命曰窦芳,,,
qingshigao,wife,,person,miscellaneous,0,,舅姑用卜人言，使成婚，逾月而邦达死。或语其舅姑：“妇虽婚，犹处子也，盍为择婿？”陆闻，集族姻出拜，誓毋贰。居三年，语姑曰；“我夜数梦吾夫，岂魂魄常从我耶？”遂入室自缢死。,,,
